names,gender,dob,pan_card_no
Naveen Gupta,Male,21-01-1986,ZGKLA5287H
Adyashankar Rao,Male,07-05-1973,DAJPC4150P
Agni Tyagi,Male,28-09-1985,XGZFE7225A
Vidur Yaduvanshi,Male,04-01-1981,CTUGE1616I
Kashyap Bhatia,Male,03-11-1990,PEVFV4506Y
Ashwini Agrawal,Male,05-06-1992,UWPCL6780T
Ashu Mahajan,Male,05-07-1983,LQDTD5444T
Markandeya Jaiswal,Male,15-11-1949,YUGFJ2046V
Nimish Shaw,Male,31-12-1978,DDWCH0856B
Lokendra Dabral,Male,05-04-1951,NLXBC1905E
Vivek Bhat,Male,06-05-1953,GFQJR7008X
Keshav Kelkar,Male,02-01-1976,HAIBF2803J
Nandan Jadhav,Male,07-01-1957,PAOTD0722J
Ganesh Bhandarkar,Male,15-11-1998,YSNCH0058E
Bharat Lohia,Male,12-01-1948,KOAHM4127V
Aniket Shastri,Male,10-01-1991,AALAE0983J
Shivpoojan Kamble,Male,21-04-1987,IDKAU8404X
Harsh Malik,Male,29-09-1993,RCPLI5103X
Shubhendu Kayasth,Male,15-07-1972,SJRGW6993R
Balwant More,Male,29-11-1954,JBBLZ1931E
Amrit Verma,Male,02-02-1969,FJECZ5248L
Harishankar Dutta,Male,16-09-1948,AEZJI0104B
Shreejesh Bajaj,Male,22-02-1969,ROWTD0056J
Devendra Thakur,Male,13-09-1974,YBVFO2576K
Sheshnath Bhatia,Male,30-01-1953,QUPFY1746K
Lav Menon,Male,19-12-1949,GTQFD6431B
Sachin Jaitley,Male,26-08-1951,DRTFB7756K
Chandramauli Jain,Male,24-04-1981,XJELO0342F
Shubham Shaw,Male,24-05-1978,UHAHZ2587S
Kishan Rawal,Male,28-11-1972,GKUPF4474T
Sarthak Baranwal,Male,05-10-1960,WLQFI7038P
Anish Garg,Male,15-09-1973,YRUHY0179Q
Shreyash Mandal,Male,21-10-1963,GAGAH3245V
Koustubh Gujral,Male,08-08-1953,YKWJC5903I
Satyaprakash Talwar,Male,26-04-1959,DTMCS6680V
Aman Baranwal,Male,12-05-1969,DPABK1472L
Kashyap Kedia,Male,24-09-1987,ANVGQ8532K
Bharat Dikshit,Male,08-11-1950,MXJTH3636M
Mahavir Kakkar,Male,02-01-1971,CNGLA9287F
Sajan Shirke,Male,26-04-1948,OKKJN0258I
Balraj Munda,Male,16-12-1977,QILTZ8532O
Ashu Bhattacharya,Male,14-05-1965,JDAFT2161A
Vishwas Bhogle,Male,08-09-1992,KHWLF7897I
Sarthak Reddy,Male,19-06-1986,AYOFH0376H
Adityanath Narayan,Male,26-11-1975,WMGAR7012T
Piyush Patel,Male,10-03-1976,QQFAX1977U
Ramnik Patel,Male,15-12-1975,UWLLT4061A
Shravan Chopra,Male,18-08-1996,FXBJN0247N
Haushila Gond,Male,13-08-1996,SAMCR3642G
Jayprakash Gunji,Male,23-07-1949,MLOBK0731T
Somdatt Rajpoot,Male,04-07-1988,SSHFH7836L
Sohan Malik,Male,02-04-1967,TGDGZ2038T
Gagan Priyadarshini,Male,02-10-1949,PVDFE0951I
Amrit More,Male,29-03-1950,KQRFG1545K
Krishna Nath,Male,05-08-1991,YKZAB5013Z
Ambar Didwania,Male,01-03-1974,UHZGS9242U
Shantanu Goel,Male,06-07-1957,NVSTJ3272O
Baldev Dasgupta,Male,29-03-1958,DFFLO5270K
Rajendra Gaharwar,Male,30-06-1990,OWOGB9261H
Lav Dey,Male,29-02-1992,FUAFH6837M
Sachin Prasad,Male,24-02-1965,VISGD9140Y
Sushil Shirke,Male,05-04-1987,OLACF7728R
Ramdhari Chopra,Male,08-02-1990,NWIFJ1176T
Gangesh Khajuria,Male,29-10-1952,OKEFL1710D
Somdatt Seth,Male,28-04-1970,WQKAY1139O
Niladri Kapoor,Male,06-02-1985,YRJFW2879O
Baikunth Mittal,Male,22-08-1980,JNAGH5698O
Ansh Patwari,Male,25-02-1957,DEIGD3182O
Anurag Tomar,Male,16-11-1979,WGUCE0485T
Amol Anand,Male,29-10-1998,TTALK7944X
Manohar Singh,Male,23-10-1993,CQAHR7927I
Akhilesh Talwar,Male,22-04-1948,HVDFY0514H
Sahdev Surana,Male,17-01-1993,FBSGM0739Q
Ameya Reddy,Male,10-09-1976,TQHPO8546V
Ameya Gaharwar,Male,19-04-1956,KPLGX2291E
Uday Ojha,Male,10-11-1978,GDIBP5279W
Devendra Mumukshu,Male,07-06-1969,NRYCQ6432P
Kalishankar Dasgupta,Male,31-08-1950,HTHCS4756W
Gaurish Ambani,Male,20-12-1971,QMCBE1005E
Kapil Mandal,Male,16-12-1990,UNPFQ7079J
Murali Jha,Male,05-04-1993,ZCZCT0125P
Shubh Dubey,Male,07-02-1999,HBHFR8679R
Amar Soni,Male,20-05-2000,LFEPK0917Y
Shailesh Ghosh,Male,17-02-1998,RSFJI1636U
Shravan Nayak,Male,23-09-1974,RCVBG4155T
Sushant Bhandari,Male,15-07-1986,EJUJE7871C
Aseem Munda,Male,24-07-1970,EUSBZ5085S
Pritish Nahar,Male,09-03-1969,UGKPA0908W
Naitik Ketkar,Male,29-07-1967,KPNFS1126R
Indrajit Tata,Male,23-09-1997,YHPGK3190Y
Varun Guru,Male,18-10-1950,YLCLU2197M
Pranay Kushwaha,Male,04-09-1977,VLYBE4157N
Mohan Gaitonde,Male,06-08-1987,MRZFU0871K
Nitesh Bajaj,Male,18-04-1966,OSHGB2787Y
Ranbir Chouhan,Male,18-12-1985,INCFO7502J
Shalabh Ahir,Male,17-09-1971,IFXCY5212W
Indresh Mittal,Male,20-04-1957,DWOGF0901C
Harshal Bachchan,Male,19-02-1981,VWSTG0688N
Sushil Nishad,Male,01-05-1989,KUDBD2558W
Kamlesh Jindal,Male,12-06-1964,UJSLN8410E
Sangeet Mittal,Male,16-02-1965,QSNFG5259Q
Kashinath Paswan,Male,30-09-1948,OPEHH4192O
Yogesh Kaul,Male,06-08-1972,IJILL4462X
Rishu Shah,Male,08-08-1977,PMWJB5161H
Nityanand Bhatia,Male,11-04-1957,STJBH6935V
Narad Giri,Male,03-06-1972,RQNCY6637U
Atulanand Reddy,Male,27-09-1947,SGJCL4010S
Divyanshu Umrao,Male,11-02-1965,QEQGE4833J
Niladri Mukhopadhyay,Male,07-05-1996,KJQJV7685E
Kush Vishwakarma,Male,11-07-1990,KPJPQ6641R
Kartikeya Ketkar,Male,20-06-1968,GDABP9486I
Agni Vishwakarma,Male,18-12-1976,LFPCH2965C
Banshidhar Dwivedi,Male,13-05-1979,SATTK8335I
Nikhil Meena,Male,01-11-1992,NBKGE0582E
Raghu Dwivedi,Male,03-06-2001,WHDLJ5834E
Jamunadas Kamat,Male,14-04-1980,ISRPX5052D
Shrinath Didwania,Male,14-03-1994,NOBCG7622V
Manohar Sawant,Male,30-07-1976,IJTTX4808C
Dharmendra Umrao,Male,15-04-1992,HCCGZ0174P
Saras Soman,Male,11-07-1950,AWBFH0855D
Vimal Ram,Male,02-11-1988,BADCM0193J
Uttam Haldar,Male,09-11-1980,KVBCX0303W
Arvind Parmar,Male,07-03-1989,HNPFW2337S
Dharam Mahajan,Male,18-02-1983,WBXTW7604H
Jayesh Singhaniya,Male,10-02-1950,CQNBT9019R
Manmohan Dhoundial,Male,10-05-1970,DQNPA7873J
Hemant Dhoni,Male,11-06-1968,LFCTN1446P
Bhupendra Nayak,Male,29-07-1962,NQTBK7795K
Prakash Sagar,Male,04-05-1972,HVKAM7161C
Viral Garg,Male,08-07-1960,PWZBS9387T
Lakshman Pujari,Male,05-02-1996,AGPCB3705U
Nandu Marandi,Male,19-08-1998,VANGI7545E
Shwetank Gond,Male,17-07-2001,UTUHL1470G
Abhisar Malik,Male,23-07-1965,LPRLY2520G
Ramnik Sengupta,Male,30-03-1967,CFUTL2818U
Premnarayan Tandon,Male,21-02-1975,YEJAG9353Q
Rangnath Rode,Male,24-01-1953,SABJQ6895V
Mithun Bhat,Male,21-05-1959,QEHPG3612A
Praveen Khatri,Male,21-03-1948,LQQLI8065C
Diwakar Sawant,Male,29-04-1952,DKBFI9506L
Shivesh Narayan,Male,27-01-1972,AFPLH2619Y
Piyush Rathi,Male,04-05-1985,RABBV9445R
Shashwat Hajariya,Male,06-10-1981,OQFLS1069B
Praveen Barjatya,Male,02-03-2000,ERIPC1171E
Mohit Shastri,Male,24-08-1961,WSZFC4585W
Pallav Mangeshkar,Male,23-11-1955,QJGCN8376S
Somesh Dhumal,Male,07-12-1987,JFYTV3906X
Karan Kakkar,Male,04-01-1966,EXCPB1503P
Kartik Arora,Male,01-02-1954,RNMAZ4119E
Satyaprakash Bala,Male,01-08-1994,VZEJA4128C
Hardik Shirke,Male,16-01-1954,PMJAF1791G
Janardan Menon,Male,20-02-1980,ZTVJH3846D
Nitish Pal,Male,04-04-1977,XQWCV6640R
Prem Trivedi,Male,04-07-1962,QTALO8193N
Indraneel Anand,Male,14-11-1975,QCMAE4162S
Drupad Sahani,Male,05-02-1962,VQXHW9424D
Satyam Surana,Male,20-08-1948,LDXLY3218D
Prasoon Mumukshu,Male,03-02-1954,STKFM9546X
Raju Kanetkar,Male,12-05-1954,OCAAQ2373J
Tarun Sood,Male,16-09-1995,SDAFJ0216G
Anshul Maken,Male,29-03-1987,ZTBBG8793C
Ratan Dubey,Male,15-04-1984,DMYAA7712H
Uddhav Bhandari,Male,30-06-1950,BXOTB9065C
Kartik Yadav,Male,09-02-1986,ATCFS7216Z
Rishikesh Pednekar,Male,22-05-1951,PKSPX2121E
Gangesh Bansal,Male,29-06-1991,PQOBH6080M
Somesh Maali,Male,24-10-1968,QWFGZ8263J
Vishnu Raj,Male,19-06-1966,GYCAM2688Y
Chirag Rathi,Male,11-07-1953,MRQPN4761R
Prabhakar Advani,Male,23-05-1983,ICOPU3841A
Viral Mishra,Male,12-10-1975,DQBCL0289G
Pavan Jahagirdar,Male,23-10-1964,YZOGW2698O
Nitesh Didwania,Male,03-02-1996,EJTGX6465K
Dilip Bendre,Male,26-12-1983,VYMFS8168S
Pankaj Chaubey,Male,24-10-1996,RREJL5511U
Shishir Sood,Male,20-10-1991,KFCLW8209G
Kanakprasad Deshpande,Male,22-11-1962,WRLFH6815Z
Dharam Gond,Male,17-07-1954,WFIPV9794F
Mukund Tendulkar,Male,18-04-1976,KVLLM0927J
Amit Shukla,Male,05-03-1989,QADJE6541G
Rajesh Rajpurohit,Male,20-09-1973,SMJJD5630Q
Navneet Pathak,Male,31-12-1990,FZXBJ3509M
Om Rajpoot,Male,03-09-1947,CEHHH7251C
Jeetendra Dogra,Male,06-05-1960,USVHA0531D
Gopal Pathak,Male,25-10-1947,QNITA7763J
Prajjwal Rawal,Male,01-03-1985,JSUFG8494T
Vishwas Vyas,Male,07-07-1979,KTMGS9681M
Uday Bahuguna,Male,17-11-1985,AGYFX8318C
Babulal Bhawsar,Male,16-07-1952,BKIFI7856M
Utkarsh Raina,Male,29-05-1950,LJKJP1426G
Koustubh Oberoi,Male,10-07-1957,WIIAG1306M
Monu Fadnavis,Male,19-05-1971,FTAFF1410H
Manu Bhawsar,Male,07-03-1951,MLHJL0801T
Tejprakash Bhargav,Male,09-05-1982,IZWJN4790G
Harishankar Hajariya,Male,24-12-1954,LMCFV9124L
Yashaswi Anand,Male,18-11-1999,CGNCE6395N
Sudheendra Soman,Male,05-10-1987,UPGFN0051Q
Amber Lalwani,Male,24-02-2000,TJLFE8977E
Praveen Tandon,Male,12-05-1991,ONBLG7429N
Amar Sen,Male,23-03-1984,WRRFO0180Z
Govind Kothari,Male,21-12-1998,ZXXAD8567C
Bhargav Arora,Male,11-10-1993,NFEPE0556G
Abhinesh Dadhich,Male,16-05-1955,VZNHX5365A
Himansh Shirke,Male,10-12-1968,DBUFV2863Y
Shwetank Mohapatra,Male,30-12-1958,FNCBC0619M
Pratap Chouhan,Male,12-07-1963,AXLJJ3288Y
Akhilesh Bansal,Male,15-11-1968,FZLPP0200T
Abhisar Khajuria,Male,08-02-1974,XCRHT6696V
Pranjal Damani,Male,29-09-1963,YMPFW7258Y
Hitesh Rode,Male,13-02-1963,RBNCX4507I
Rajeev Tripathi,Male,13-12-1999,KNOHA9919I
Ranbir Kejriwal,Male,20-04-1962,CLLTQ4980E
Harshad Dhoundial,Male,20-11-1952,QJDBV0941R
Rudra Maken,Male,15-03-1999,QQDAE1085O
Indresh Rao,Male,13-09-1980,WZHPZ1215Q
Milind Ahuja,Male,06-10-1999,AKPFY6753F
Sudheer Ghoshal,Male,15-05-1987,YXIFW0410F
Sahdev Guru,Male,01-03-1973,KFWHJ2956W
Indrasen Tendulkar,Male,14-08-1953,NTNLF1399K
Vivasvan Ranaut,Male,11-02-1982,GHYGR5309S
Rishu Dadhich,Male,28-05-1949,LBYGB9082K
Shashinath Nagar,Male,03-01-1969,IKTBM8189A
Ruchir Gandhi,Male,31-10-1997,AHMFE5830H
Bhargav Khera,Male,06-12-1972,JGEFF8687R
Sushant Tripathi,Male,26-10-1951,YEGGX3951H
Ranbir Verma,Male,07-02-1974,DRFHF0441N
Avnish Bharadwaj,Male,29-08-1962,HZSLZ3728W
Vidur Rai,Male,09-04-1963,PJITY4184C
Anuj Mahajan,Male,27-08-1968,SBQBW1145U
Agni Pandey,Male,20-02-1992,EAMJV3437B
Shalabh Baghel,Male,27-03-1950,PXZHV4166D
Shivendra Ram,Male,10-07-1955,RSAHF3148G
Chirag Deewan,Male,06-02-1956,XAIGP2349D
Dashrath Gadkari,Male,18-02-1992,KOAFW3060Z
Vilasrao Mumukshu,Male,30-06-1980,RIELK5103X
Shreejesh Bose,Male,17-09-1995,DOZJY0863S
Adityanath Rai,Male,27-11-1960,BFYCD2503L
Ramnarayan Nair,Male,25-03-1966,IARAF8353B
Nihal Dutta,Male,09-11-1984,WYHBQ2598T
Parmanand Yadav,Male,25-04-1988,UJGHQ6517S
Tarun Ambani,Male,27-08-1997,VABLN1082O
Darshan Sharma,Male,12-01-1980,GIGJP3200L
Dinesh Unadkat,Male,12-05-1963,OQYLE1000H
Indrajit Shandilya,Male,10-11-2000,SDKPE8758E
Hemant Scindia,Male,21-05-1961,ZCPJR3063U
Avijit Wahal,Male,27-10-1970,JUOFH2545N
Akshit Rai,Male,05-01-1967,IROJP7777Y
Lokendra Azad,Male,26-04-1967,YUIAV5999G
Abhisar Maheshwari,Male,25-11-1991,BAFJG1224L
Pradyuman Goswami,Male,06-02-1952,SKMBL0071X
Brajesh Awasthi,Male,15-03-1956,JAJHL6791H
Tripurari Dave,Male,03-07-1970,FOVHU4352O
Rajesh Kannaujiya,Male,12-01-1973,WZGFG2505B
Sushil Reddy,Male,25-07-1970,ZAQAG6756B
Nimish Kannaujiya,Male,30-07-1960,UYQPC3370M
Sameet Shrivastava,Male,03-12-1999,TSWGZ3170U
Kalloo Dutta,Male,03-12-1949,PUHJW7628P
Suryakant Bakshi,Male,12-10-1989,NHSTQ9857K
Mohit Prajapati,Male,29-06-1968,SQLTF0067R
Aryan Kamath,Male,12-07-1957,YXVBA2583J
Amit Chaurasiya,Male,18-07-1993,DRXPI0032S
Arun Chaubey,Male,18-08-1972,UHDBP2467N
Aditya Keshari,Male,16-10-1983,RRVFG9837G
Baikunth Chopra,Male,25-10-1981,TKDLM1121M
Rinkesh Gujjar,Male,14-02-1978,ATKTM1911Z
Manish Munda,Male,17-04-1999,CAHLI6315Q
Bhushan Dutt,Male,10-07-1954,XYLJA4317U
Manoj Purohit,Male,24-03-1986,WVNHG8584X
Vedang Sahay,Male,18-02-1954,LTLTP0137L
Vikrant Bhatt,Male,31-05-1965,VDFHR1127T
Divakar Rode,Male,08-03-1966,RVFTS9564V
Devbrat Chandra,Male,20-11-1987,SGBBJ6118N
Shivshankar Bhargav,Male,23-12-1968,CUBLQ2724M
Shalabh Dadlani,Male,04-10-1988,FQKFH3786T
Vishal Valmiki,Male,07-10-1964,TJYPZ0391X
Himanshu Shukla,Male,08-09-1988,RJXCK0165N
Mehul Kaul,Male,27-03-1986,LWUBW8839X
Indresh Dikshit,Male,09-11-2001,NMIAZ2265J
Nilesh Keshari,Male,06-01-2000,JEXLL0460V
Sudhir Rajpoot,Male,13-03-1976,ZKZBD1976S
Preetam Malhotra,Male,13-12-1984,HJJTX0263O
Shreyash Gaonkar,Male,23-05-1984,AVBCO9615A
Harshal Chandravanshi,Male,14-11-1948,HZSFQ0139V
Dheeraj Sarkar,Male,14-09-1990,UQMGY2734T
Lokendra Vishwakarma,Male,04-10-1977,NYDPB1087W
Anil Shankar,Male,19-10-1973,PWRBL5987W
Manohar Sawant,Male,10-04-1995,FPMLV6122L
Indrajit Jhunjhunwala,Male,24-08-1983,RUIFT5360Z
Anand Chopra,Male,27-05-1971,HXJCT0109W
Raghu Sarkar,Male,30-12-1978,IAWAD1755S
Shreyansh Kakkar,Male,19-08-1975,LLSTA3299F
Sheetendra Wahal,Male,26-02-1980,IOPLH3319X
Jatin Dhanuka,Male,18-08-1952,AMRBY8701I
Rajeev Soman,Male,19-07-1978,DKOBR8634Y
Ramdhari Ray,Male,22-10-1970,MNCJH3263S
Aryabhatta Goyal,Male,26-07-1982,PATCQ3525S
Parmanand Jethwani,Male,02-03-1959,RLFGW4862H
Manjunath Keshari,Male,07-02-2000,LTETF8810S
Sandeep Shrivastava,Male,27-02-1948,CPBTL9194T
Shailendra Bisht,Male,18-01-1949,QCRCP8098D
Avinash Nahar,Male,19-04-1976,FBGTJ8256Q
Satyam Dutt,Male,10-04-1994,TKDFF4313K
Premprakash Purohit,Male,10-03-1988,DIVFZ6113K
Rudranath Kumar,Male,07-05-1964,ZDILW0343C
Jagdish Sharma,Male,26-04-1993,FWFGV1934U
Chandramauli Raina,Male,25-10-1992,VQNTO6761H
Suraj Priyadarshini,Male,25-09-1990,UINPE0499D
Nandu Keshari,Male,08-03-1987,QFQJV3737R
Atharva Tata,Male,17-01-1975,FFRJG3717T
Soham Mukhopadhyay,Male,23-04-1998,UKAGD2714S
Vivasvan Deo,Male,22-03-1957,CWLJT7102M
Giriraj Pujari,Male,05-03-1982,GQCLZ9413Z
Rishikesh Mittal,Male,21-03-1988,JGNGX0852L
Sharad Didwania,Male,28-02-1957,XSLHT1446I
Lav Gond,Male,02-09-1983,EZCPG9129F
Gaurish Gandhi,Male,18-06-1948,QJSJL5263T
Vipin Pal,Male,17-07-1975,CELJN5321Z
Rajan Bharati,Male,25-03-1983,YFWGT6178S
Vedant Supriyo,Male,24-05-1979,QEGBM5248V
Hari Sampla,Male,10-02-1975,VMQTW4357A
Ashwini Patnaik,Male,14-10-1989,DUOPA3014N
Brajesh Rajpurohit,Male,01-09-1955,RWGFM2772A
Jyotiraditya Sarkar,Male,11-04-2001,WAXCD4604D
Bharadwaj Chandravanshi,Male,03-05-1999,ASKJY8615Q
Jatin Nishad,Male,26-03-2000,OWGHC4377B
Arun Bahl,Male,08-11-1953,HWZFL8850A
Puneet Bachchan,Male,22-05-1969,XPAFN6201M
Samar Kohli,Male,18-06-1977,VEPHK1681X
Lokendra Goel,Male,21-09-1948,EZLAB0191S
Maruti Bhaskar,Male,16-04-1956,ZBLFV4489G
Yashaswi Deol,Male,31-07-1982,EGDAY9131M
Narad Mazumdar,Male,11-10-1948,HANFJ8889Z
Umakant Agnihotri,Male,27-09-1975,ZCBAO8558M
Shantanu Tendulkar,Male,31-08-1975,OEMJE0987E
Avijit Chandra,Male,13-04-1967,CGYAQ7972N
Gyanendra Sampla,Male,02-11-1969,SQEHC5193V
Rangnath Mondal,Male,08-11-1958,ZEIHM6352F
Sushant Sahu,Male,24-07-1950,KZCBM2471R
Rajnish Atlani,Male,24-04-1998,BQLPQ3990W
Premnarayan Khanna,Male,19-12-1968,KHDPB0216U
Dashrath Gandhi,Male,09-09-1956,FWJBL8776X
Jamunadas Hazari,Male,16-06-1954,OHDFI8295R
Nagesh Nishad,Male,29-06-1977,XBOPD3074G
Kapil Ghoshal,Male,06-12-1954,WNBAT3867C
Om Dutt,Male,10-06-1988,EBOFR3681M
Ameya Gehlot,Male,08-05-1962,YRJGK3106U
Niladri Mohanty,Male,01-07-1985,OZMFI9664Q
Suryaprakash Tandon,Male,28-06-1961,BXSCP2038Z
Rampyare Kedia,Male,04-12-1983,IDUHG9456O
Niladri Sardana,Male,18-05-1983,XQBTY7122U
Ritesh Holkar,Male,07-07-1962,GFICT1211T
Rohan Dogra,Male,30-09-1968,KSLFJ7115X
Ishwar Bhandarkar,Male,04-06-1953,GZGLL0036J
Akshit Bala,Male,16-06-1996,UGXAL3110N
Rudranath Chaubey,Male,08-07-1964,RFCFP2094W
Digvijay Chaturvedi,Male,09-03-1998,NSXFX1441P
Himansh Bhaskar,Male,28-05-1998,KFSCQ5254K
Vivek Narula,Male,22-01-1990,KYHFX5528J
Govardhan Mahajan,Male,09-08-1963,SWVHO1699S
Narendra Umrao,Male,19-02-1995,TTJFY3802K
Ranjan Gunji,Male,23-04-2001,ZHATG2981I
Dhruv Dalal,Male,04-04-1958,RDKFU0467D
Praveen Dutta,Male,02-11-1964,JCLCN7076P
Giriraj Chandravanshi,Male,04-08-1994,QGVLI4906P
Devang Bakshi,Male,09-01-1964,HTFPW9287B
Manjesh Ahir,Male,22-07-1983,ENACB9111J
Sudesh Sharma,Male,20-10-1958,FQEAS1223H
Gopal Tandon,Male,07-02-1990,AFNHU3684J
Amol Tripathi,Male,23-06-1985,UBIBY0270N
Gomed Agnihotri,Male,07-10-1971,GKFCJ5473B
Satish Raina,Male,19-03-1971,JBMFB4092H
Raghu Bhadauria,Male,21-06-1956,XIUFP1717C
Swaraj Vishwakarma,Male,11-07-1989,SJPTT8985J
Vedant Khandelwal,Male,24-09-1969,LNDLR7568Y
Navneet Dasgupta,Male,14-05-1948,VHSGA4496B
Mehul Mukherjee,Male,09-05-1974,MGJLX5587F
Dayashankar Bajaj,Male,22-01-2001,AVYTW6988N
Ajay Tripathi,Male,31-01-1993,XTGHW5822O
Niladri Dhoundial,Male,28-06-1959,QVETR0543F
Jayesh Dholakia,Male,09-10-1952,HNIGF2752X
Nishant Jain,Male,18-09-1967,TGUAE1059H
Nikhil Jaiswal,Male,26-09-1963,WPHLJ3230Y
Bharadwaj Haldar,Male,15-09-1997,OSLFN9150D
Sharad Gehlot,Male,09-04-1984,XSGFX8601Q
Atharva Mahajan,Male,20-11-1971,GFCAN0854N
Atulanand Srivatsa,Male,10-06-1993,SGGPS4306R
Bharat Desai,Male,17-09-1966,JUGBQ5809A
Amit Menon,Male,15-09-1953,GYSPF1464J
Ramayan Saxena,Male,12-01-1956,OBXAL2624T
Rupesh Khanna,Male,02-03-1982,IZIAF1495X
Nikhil Basu,Male,18-04-1950,WYPAW5747O
Rajan Naik,Male,26-05-1975,SRVLL6575S
Shivpoojan Malhotra,Male,26-09-1967,YQFLC7858P
Akshay Bandopadhyay,Male,03-07-1970,KLKFO5068C
Deepam Thakur,Male,05-03-1994,KHTFH3802T
Anmol Rana,Male,23-02-1991,HLQFM7810U
Umakant Deol,Male,03-09-1979,YCQHJ0080U
Manohar Ahale,Male,13-03-1975,JLCAP5901T
Harihar Upadhyay,Male,10-06-1984,RNJBC5470G
Pavan Piramal,Male,29-08-1995,NVXGO3738F
Yogesh Rajawat,Male,12-05-1976,ZQZFP6188U
Gagan Singhaniya,Male,09-04-1980,PJNHF5320W
Gyanendra Dabral,Male,19-02-1986,LZKJT5991M
Harishankar Holkar,Male,29-07-1974,ZUUPD0230B
Ankur Bharadwaj,Male,25-06-1958,LQSHQ0724M
Sharad Maheshwari,Male,04-04-1953,KMVTK1886H
Kishan Goyal,Male,09-10-1953,XKAFG6664L
Harishchandra Kharwar,Male,10-08-1953,UGTFY3861M
Sagar Awasthi,Male,23-09-1983,LOHTH3378X
Aryan Saxena,Male,09-12-1972,RRWBC6628F
Sujal Pujari,Male,05-06-1987,OQZJA3194S
Vardhaman Rajawat,Male,11-07-1950,CJTJU9102L
Harshvardhan Chandra,Male,12-02-1968,NTGCE8171D
Aryabhatta Anand,Male,04-10-1966,BRRFS8252J
Preyash Bahl,Male,22-09-1950,VUDHH4355F
Prashant Nishad,Male,03-05-1978,GLRHV4000Q
Anupam Holkar,Male,26-02-1967,MJNTA0122N
Shantanu Parekh,Male,07-08-1968,GJVJI6783U
Atishay Gunji,Male,25-12-1947,VDXCL4405V
Shivesh Dhoundial,Male,16-04-1993,FJXFC4474S
Darshan Bindra,Male,27-02-1991,GDSBE9039U
Ravishankar Chawla,Male,01-05-1979,TRUCK4746D
Shubh Gunji,Male,11-01-2000,QOKBR6041D
Rachit Saxena,Male,13-07-1968,SOQTQ3435R
Aviral Mistry,Male,28-01-1989,DSKGN6407B
Harshal Mukherjee,Male,05-04-1980,XJVAP5687Q
Pritish Munda,Male,30-09-1954,HEAHR1870O
Shubhendu Dhoundial,Male,16-07-1979,GRMLK6581A
Vishwas Adarsh,Male,21-04-1973,EQOFA5060F
Chhotelal Verma,Male,12-02-1997,XKHHG0183X
Arpit Chandra,Male,14-06-2000,KKZCE9159T
Lav Singhi,Male,20-04-1989,DWSFY6688M
Kripashankar Khattar,Male,28-12-1955,FRPHI2184O
Nandan Dave,Male,03-10-1992,KQNJG8644E
Sudhakar Kaushik,Male,25-12-1965,VKQBA8621F
Narendra Pednekar,Male,14-02-1983,NPBFY7110O
Amogh Bhatia,Male,26-09-1973,EGYLI3869L
Abhinesh Singhaniya,Male,05-09-1977,EXYJB9031L
Harshit Mistry,Male,12-06-1988,UMNPG6480J
Anubhav Nahar,Male,01-05-1970,WPGPF9284O
Sharad Wahal,Male,21-05-1962,YCFGR3656E
Diwakar Kaul,Male,04-06-1969,BRFAD2245E
Ayush Jaitley,Male,21-05-1987,KLUGU1332L
Amar Ghosh,Male,20-12-1983,XGHBO1680I
Prafull Sethi,Male,04-07-1954,ZAHJJ5947N
Sankalp Lokhande,Male,24-08-1950,NMGJO9815L
Suryakant Sisodia,Male,12-12-1970,LPJHX3852V
Narendra Gujjar,Male,07-07-1960,MCGCZ8091Q
Brijmohan Shukla,Male,25-04-1970,GMUCS9520U
Anadi Chawla,Male,06-10-1969,IQTAK4021I
Digvijay Saini,Male,12-06-1965,LTYAG3806D
Markandeya Unadkat,Male,02-02-1955,JSLHS6519J
Vimal Bala,Male,21-08-1989,QKUHI4549K
Brijbhushan Dave,Male,21-07-1992,VHIAJ5179U
Rakesh Chaudhari,Male,15-05-1950,SFPBI4878M
Dinkar Sardana,Male,17-06-1996,JFQCP1956S
Chandramauli Shastry,Male,18-03-1983,ZZYPM6360V
Agni Malode,Male,26-11-1972,TNNLU3094U
Bheem Dutt,Male,06-10-1958,CJXPZ8463G
Giriraj Unadkat,Male,15-06-1983,DWGGC6526B
Lokendra Poddar,Male,22-07-1968,XYEPT3162D
Devang Tomar,Male,28-12-1968,ODVBZ6402G
Vedprakash Dadhich,Male,01-02-1956,RQJHT1302C
Akhilesh Guha,Male,29-12-1969,DNPJB1589C
Bharadwaj Munda,Male,11-03-1975,GVYAE7410Q
Shreyansh Mehra,Male,17-08-1987,CUKFT3141O
Varun Tanwar,Male,27-12-1977,HOZBO3145A
Prakash Modanwal,Male,17-07-1991,GEJLU1413P
Arvind Goel,Male,23-01-2000,AYIFY8802N
Kailash Rode,Male,31-05-1960,CIPBY6690G
Navneet Fadnavis,Male,29-01-1996,DITTL4638Z
Ranbir Bendre,Male,23-02-1994,BDSGY5849M
Rajeev Srivastava,Male,30-11-1978,QMUFS9832C
Aviral Chaubey,Male,17-09-1955,VTUFA6182B
Amrit Bahuguna,Male,02-01-1970,VTKFS3100V
Shalabh Dadlani,Male,24-02-1957,TTNJQ0649S
Kashyap Talwar,Male,28-08-1952,ZQEAK4897T
Ranjan Bala,Male,05-06-1964,FJACB8239W
Mohit Tagore,Male,02-04-1955,MPQHO1768O
Indraneel Goenka,Male,20-09-1956,VKYCO8556C
Pritish Bachchan,Male,22-12-1986,FHSTW1260T
Divakar Narula,Male,01-03-1961,TIKTC8687X
Varun Gambhir,Male,22-06-1986,SDTJR7280Z
Shashwat Singh,Male,14-05-1983,NUFFH6580M
Bhagvant Sawant,Male,03-03-1959,OBXAP3733Q
Animesh Gond,Male,03-05-1995,HMEPC7687T
Shivam Surana,Male,24-02-1980,RJMBK5780S
Sushant Sardana,Male,15-02-1971,CMGGH4902K
Sujal Jindal,Male,13-07-1997,XLNAM0370F
Udayraj Bharadwaj,Male,13-02-1957,XXPLZ5093F
Mohan Patwari,Male,02-01-1960,JHJAM8078E
Sudhakar Arora,Male,28-10-1964,ZOGHG5903P
Harshvardhan Gond,Male,23-12-1980,CTWGQ9790I
Ramdhari Dhoni,Male,04-07-1978,IKWHS7185Z
Chandan Patel,Male,26-01-1950,PVNAD9078M
Satyam Athawale,Male,19-03-1959,PHKGM8319O
Janardan Ambedkar,Male,07-11-1955,YRQCF5575B
Kunal Jaitley,Male,07-03-1979,NNKHL9800S
Shivpoojan Ray,Male,29-09-1952,JWVJG5965A
Kalicharan Ghosh,Male,11-03-1958,HIBHS0355E
Mala Sethi,Female,27-09-1962,MIUCL2537V
Hansika Bishnoi,Female,16-03-1967,UBHHA0954V
Marutanjali Bhargav,Female,10-02-1973,VAZFD3132U
Kalavati Mangeshkar,Female,07-03-1950,PFSBA2366S
Pratima Sengupta,Female,12-04-1984,JIGTN2207W
Harshita Dadlani,Female,12-02-1968,NABTA5546Y
Anusha Srivastava,Female,19-03-1980,QYEHG8030N
Priti Ghoshal,Female,06-12-1962,LDZGY1019K
Aradhya Nair,Female,10-07-1958,WMIFT5441F
Seeta Bhawsar,Female,15-11-1961,VVAFU9639R
Janhvi Lalwani,Female,03-02-1991,YVHFE6989O
Prateeksha Mathur,Female,17-11-1997,MLOCX7019G
Seeta Pathak,Female,29-04-1981,GAUAI4328N
Deepali Gavaskar,Female,12-03-1962,DGZFN2033W
Sarika Chandrachud,Female,17-07-1962,EFVBV2716O
Rambha Pandit,Female,16-01-1960,SQDPR9083X
Aarti Rathore,Female,11-11-1991,FPKLH7180E
Nishu Chaubey,Female,10-01-1955,NUULG3019T
Mihika Bajaj,Female,27-09-1962,ZKWPQ4137V
Indumati Bachchan,Female,29-04-1993,SAOGF9361U
Surekha Balyan,Female,08-04-1976,WWTFQ0263C
Smita Ram,Female,04-07-1974,PVHAK7040H
Sumitra Das,Female,13-05-1955,OWTBC5041Q
Pratyusha Bhatt,Female,23-10-1968,UUHCR9401O
Nupur Vats,Female,11-05-1994,PSCPQ1180P
Devyani Pednekar,Female,30-10-1964,RDTJB1714W
Soni Umar,Female,18-08-1967,SLGFS3427Z
Nilakshi Rathi,Female,17-11-1990,LWLCQ3182J
Purvi Naik,Female,23-03-1962,JZJAG3906B
Sulabha Das,Female,26-08-2001,IPTPM0960M
Pragya Bose,Female,07-12-1985,XZIPC9516H
Jayanti Balyan,Female,17-01-1993,OTUFB7915K
Naina Shastri,Female,06-09-1987,EUQPE1351M
Yashvi Piramal,Female,16-11-1988,KNFAK4867H
Shayantani Pushkar,Female,12-10-1989,WXUTZ6638B
Lalita Kaul,Female,20-08-1980,WURHS0323L
Arpana Purohit,Female,18-02-1991,QJEJD7951A
Apoorva Hajariya,Female,16-01-1996,JVLHH2152S
Deepali Kushwaha,Female,25-11-1968,LXMGU0127K
Rupanjali Holkar,Female,17-09-1976,ZCQCT0197P
Marutanjali Chandra,Female,08-09-1987,OYDFR4687L
Anubhuti Dhanuka,Female,09-08-1986,TMTFP5897S
Nisha Gunji,Female,03-03-1960,CRKGF7193Z
Bhagvati Agnihotri,Female,15-07-1948,ZCQAQ3954U
Nishu Jahagirdar,Female,06-05-1959,ZYHFS6319A
Anushka Desai,Female,13-06-1959,EHHFW6680W
Aaradhita Sagar,Female,17-05-1976,TPJBD7717T
Sanidhya Bhansali,Female,19-03-2000,KOQHK3297Y
Vasundhara Ghosh,Female,20-11-1955,DMPHZ9347E
Sampada Umar,Female,01-02-2000,NIZHC8294P
Mahalakshmi Prakash,Female,24-07-1948,IFWBJ7957C
Mahima Chaubey,Female,19-08-1966,QRILC0053L
Sushmita Yadav,Female,30-09-1981,DBEPC5739P
Amrita Maali,Female,27-03-1955,NKNLC3154Y
Shalini Parmar,Female,24-09-1965,YAACZ9157M
Gauri Chopra,Female,13-02-1971,FHFBT8742H
Jeevika Srivatsa,Female,25-04-1991,QQQHU8986E
Sneha Kadam,Female,02-04-1958,JHTFD4506C
Nitika Advani,Female,21-04-1995,TLYCZ0905E
Shridevi Chouhan,Female,04-09-1998,IDTGM5449O
Yashodhara Shastry,Female,04-08-1958,DIZAQ8991B
Laxmi Pujari,Female,15-06-1986,PKXLX6628Y
Deepa Gaitonde,Female,05-08-1959,AJSBZ0111T
Sampada Bandopadhyay,Female,01-01-1952,KTVFX3168J
Poornima Maurya,Female,03-11-1950,GGTLI7943R
Anushree Kapoor,Female,17-02-1954,DRFHA8369G
Maithili Atlani,Female,03-02-1954,XKSTI9396Z
Pratima Vishwakarma,Female,25-09-1984,OCCAV1421C
Samraggi Jahagirdar,Female,11-12-1957,GNGGS6444P
Sarika Lohia,Female,30-03-1970,AZQLG2549R
Aradhana Gaur,Female,26-02-1961,XJRFH1169O
Avani Swaraj,Female,16-02-1951,RKZTH3869E
Kalavati Mishra,Female,22-04-1995,DFMGF7658G
Chhaya Dixit,Female,16-01-1948,OJDFH8582H
Niharika Bhattacharya,Female,30-07-1973,GWAGI8958K
Durga Dasgupta,Female,06-07-1998,PESAL3315A
Maitri Shah,Female,03-07-1960,STVJU8584V
Suhasini Kakkar,Female,14-07-1984,PZJHD2589K
Bhawna Unadkat,Female,19-12-1993,QYZHK0776E
Triveni Bindra,Female,15-01-1984,EBUBA5431W
Rakhi Paswan,Female,20-07-1990,FKSHS0362J
Kajol Awasthi,Female,31-12-1954,BAHBC2651K
Reshama Rao,Female,21-01-1968,CSFTK7838A
Navya Prasad,Female,25-01-1988,JTMFU3960F
Anvesha Rajpoot,Female,26-10-1982,KZAHZ2473B
Narmada Valmiki,Female,29-07-1999,EQSCT0670Q
Jagvanti Chandrachud,Female,20-11-1967,PNLJF5958J
Palki Jhunjhunwala,Female,14-07-1989,MYFHQ8263V
Preeti Dholakia,Female,01-09-1972,BZLGM0026X
Rambha Sagar,Female,26-09-1956,JAJTX5887Q
Harini Lakhotia,Female,27-08-1988,QTFLR5557H
Shaloo Maken,Female,10-08-1998,ZHGAT9137D
Smriti Sinha,Female,30-04-1963,IUFCE7561J
Kiara Parmar,Female,20-08-2001,CVNGV7938Z
Kokila Chaudhari,Female,02-12-1954,EZAFF9737U
Kajol Goenka,Female,13-01-1996,ZEIFT8653Q
Nisha Soman,Female,02-07-1962,YKUPT0757A
Upagya Lokhande,Female,10-09-1963,OTQLY2695U
Mansa Chandrachud,Female,03-04-1987,FWGAY9598S
Tarika Phogat,Female,22-09-1956,FYKFO0270B
Rambha Shekhawat,Female,27-02-1954,GXPBT6875Q
Swara Bhargav,Female,05-07-1979,JKRAX6546D
Swati Dixit,Female,03-02-1975,XKHBC7136S
Kanaklata Raje,Female,15-10-1962,NYYTV2417F
Vividha Rathi,Female,20-03-1951,UXNAC9695J
Arpana Paswan,Female,23-09-1996,VGSPZ6707C
Sunidhi Maheshwari,Female,04-07-1976,KYPFH0182Z
Jyoti Ketkar,Female,01-01-1952,SCWHS2863E
Ishika Deshpande,Female,05-02-1982,DMVCB8512D
Shilpi Ahale,Female,06-08-1963,OAXGB9834U
Reeta Garg,Female,22-12-1992,CQXJY8115O
Sonia Scindia,Female,07-05-1984,PCJBD7107G
Savita Shirke,Female,24-08-1973,AQBGZ2491H
Awantika Deshmukh,Female,23-12-1977,PAUCU9910J
Mudrika Tagore,Female,29-10-1951,WVMFK9023Q
Asha Kulkarni,Female,06-03-1953,CZMCR1209N
Maya Kelkar,Female,10-12-1953,OQUFH2593R
Nishu Sen,Female,27-06-1971,NJEPT4763M
Sheela Chopra,Female,16-05-1972,LXKCJ5328L
Yashodhara Agrawal,Female,24-05-1978,ESMAC5261H
Chintamani Bhandarkar,Female,31-12-1981,JNGJL7827R
Lipika Dabral,Female,08-12-1948,MYATT4255L
Basanti Didwania,Female,03-12-1950,PINPR9222R
Nimisha Khurrana,Female,25-08-1960,EGRGY2315B
Ujjwala Sardana,Female,23-10-1970,UWLJS3812J
Poonam Bind,Female,14-09-1971,DUCFS7793K
Nishi Kamat,Female,11-04-1953,CVGFX1683X
Neelima Shrivastava,Female,12-01-1954,ZLUTR1856R
Himani Basu,Female,11-02-1969,EYNFJ2668L
Sameeksha Patnaik,Female,16-11-1981,WRSGY2638J
Raghavi Dutt,Female,08-01-1962,EQHGC3322I
Savitri Mangeshkar,Female,07-03-2001,UIBBS1806T
Hansika Ambani,Female,24-09-1962,IYVAE5466V
Vidisha Dixit,Female,04-01-1962,FKTHO1302A
Sheetala Dadlani,Female,21-02-1983,OGBJY8020X
Anupama Pandit,Female,13-01-1973,LSQCA8007J
Kokila Paswan,Female,14-12-2000,FRIAQ6305U
Ruchi Vats,Female,05-02-1984,HRLTI1766E
Tanushree Ambani,Female,27-07-1976,ETFFR3162X
Maithili Bakshi,Female,14-10-1952,TAXAO5136V
Nidhi Goswami,Female,28-07-1958,ZCCAZ9058T
Saloni Lakhotia,Female,22-12-1987,EHTFN8449G
Malti Gandhi,Female,11-03-1995,HOPCU6098H
Kanchan Jalan,Female,24-12-1969,KORBJ6165C
Usha Mumukshu,Female,27-09-1996,XIEFF9422H
Nivedita Haldar,Female,12-09-1956,PTVCD6906W
Sameeksha Gandhi,Female,26-11-1963,XUWFF0265I
Kritika Basu,Female,08-01-1977,JABAN6385M
Hema Bhaskar,Female,19-08-1948,RVDFT9893D
Neeroo Kashyap,Female,29-11-1956,UEHLD2127N
Pariniti Deewan,Female,28-09-1986,GBNFO3967O
Ragini Singhaniya,Female,12-07-1967,CUHAM4206G
Harini Soni,Female,08-04-1953,WCQCN8622N
Prateeksha Tomar,Female,03-08-1975,PGXCH2424V
Shakuntala Dwivedi,Female,10-08-1974,FOOLB4392L
Shayantani Bharati,Female,08-04-1965,RWVGG7773T
Prabha Ojha,Female,04-01-1992,NMVCE1686X
Tanishka Rout,Female,13-04-1989,CNAFK1021F
Sumukhi Sengupta,Female,10-01-1968,JQCFB8221V
Gudiya Soman,Female,03-08-1979,QITAT4014J
Shivanshi Baghel,Female,27-07-1962,AFUPM2304K
Pritika Gandhi,Female,25-02-1964,SRHHZ4696A
Narayani Biswas,Female,03-08-1993,AGFGL3227J
Parul Seth,Female,16-03-2001,XGKCO8664W
Shaily Rawat,Female,30-08-1947,OJTTG0407M
Manisha Kaushik,Female,26-10-1965,RTEHF6501E
Rashmi Prakash,Female,07-04-1999,GQBTU4951Q
Suhasini Saini,Female,24-10-2000,QGBJX7111F
Savita Giri,Female,25-07-1963,ABVGA4002O
Sandhya Jhunjhunwala,Female,13-04-1979,KNGFO3878I
Geetika Dubey,Female,06-01-1979,TZOFX2964G
Tripti Bhandari,Female,18-04-1958,DKEBY0985A
Hamsika Suryavanshi,Female,09-12-1970,QEJHN2225G
Prabhavati Roy,Female,22-10-1986,RIBHS4859B
Pragya Pujari,Female,16-01-1963,ZNQPV1829D
Vibha Bharati,Female,23-01-1974,XYRAC5086B
Anupriya Maheshwari,Female,03-10-1974,WDHLV5525N
Ananya Pratap,Female,24-02-1992,IQDTG0013B
Anupriya Meena,Female,09-09-1996,YODLY4129I
Munni Bhandari,Female,11-07-1996,LTBFT3911T
Dipanshi Rawat,Female,14-02-1983,COXHU8339K
Lavisha Azad,Female,06-07-1984,WYLHV0204Z
Shaguun Priyadarshini,Female,04-04-1957,XWKBU5206S
Sadhana Dadhich,Female,21-02-1971,MEHFE0026O
Shaloo Khandelwal,Female,14-01-1948,IOQBF0630M
Gangotri Kedia,Female,10-01-1987,MFLJI1920D
Sujata Pal,Female,05-04-1949,VGSBE2688Q
Pallavi Mazumdar,Female,30-08-1958,TSNJG0253J
Padmavati Sinha,Female,02-07-1961,GGOGY3766I
Archana Adarsh,Female,13-04-1963,XFXLV5154Q
Khushboo Jain,Female,14-04-2000,YNCGB8511H
Preksha Kaul,Female,07-03-1970,PVAPB3617M
Mukti Verma,Female,01-10-1994,WILCS5103D
Santanika Atlani,Female,17-02-1983,XXWFN0703E
Bhagwati Biswas,Female,16-04-1963,PGEGM8971E
Runjhun Atlani,Female,04-11-1970,BSVCW8920N
Paankhi Mittal,Female,09-04-1958,GSRFB9252O
Damyanti Dutt,Female,08-01-1991,FZOBF7565U
Chintamani Nag,Female,09-11-1983,SMOPD9258W
Barkha Dey,Female,08-01-1988,UNPCM2968T
Manju Prajapati,Female,02-12-1960,HCXHB4184F
Shipra Naik,Female,30-10-1996,WMWLO3526U
Kaushalya Ambani,Female,19-07-1993,GHYFC7551Y
Anjana Nautiyal,Female,06-04-1984,MBFPJ0220T
Sushma Kamat,Female,27-11-1981,YBLBP8591F
Geetanjali Tata,Female,11-01-1994,SVYAD1982O
Yogita Dholakia,Female,13-11-1980,XTWAC5649H
Raghavi Nautiyal,Female,03-01-1987,OWIBD0107Q
Meena Pathak,Female,30-06-1949,IPKLY7333J
Bhoomi Kumar,Female,29-11-1994,BXVPC0687P
Suneeti Shrivastava,Female,25-01-1974,PKBCR9138M
Tanisha Kakkar,Female,20-08-1987,KLOBP7797X
Vedika Sardana,Female,12-07-1982,UVCLM3863O
Anushka Nath,Female,14-01-1958,DZDHJ4016L
Mamta Rao,Female,21-06-1985,RPMTF4674A
Nootan Vyas,Female,13-08-1952,PQXFZ0690N
Laxmi Singh,Female,31-12-1992,OSVPU3060K
Tara Chopra,Female,30-04-1975,CWUBE5263D
Pragati Gujral,Female,03-05-1961,BHIFZ4171I
Sumukhi Malik,Female,18-05-1964,CBEGZ6088H
Gargi Suryavanshi,Female,30-11-1976,VXDBU7816Q
Prateeksha Khandelwal,Female,05-08-1998,UROFK9161Y
Sarika Kamble,Female,07-04-1990,ENPGB6073V
Avanti Bahuguna,Female,03-04-1965,GEQFN5097N
Mandakini Bendre,Female,19-03-1966,UEZFC0351V
Vaishali Bachchan,Female,15-08-1967,RQNAU2286P
Indumati Nagar,Female,05-09-1953,ZWRAN7483X
Mukti Khaitan,Female,08-08-2000,POLFY5894X
Aanchal Srivatsa,Female,31-08-1995,VRTFH2847A
Mimansa Biswas,Female,17-05-1973,WBNBQ4369R
Trisha Atlani,Female,10-10-1965,SMCCI9172Y
Shyamali Chakraborty,Female,16-10-1948,OVNBF0437M
Vaidehi Giri,Female,18-04-1979,JATLA4008C
Subhadra Pednekar,Female,16-04-1969,IJQFQ2937I
Arjita Kaul,Female,14-05-1955,OQKPV9657C
Aparajita Kelkar,Female,06-11-1982,AGMGN6216N
Mihika Nair,Female,09-09-1980,GQZLA0163T
Mahalakshmi Shrivastava,Female,02-08-1966,TCLAO4976H
Abhilasha Arora,Female,22-04-1976,FPOLQ4618L
Manikarnika Scindia,Female,05-01-1981,VTYGO8852V
Kashi Kulkarni,Female,21-05-1974,UJZFU2072A
Basanti Bhandarkar,Female,30-04-1972,PYMGM8657W
Veena Rana,Female,17-07-1973,FGVFS6429L
Nupur Deo,Female,18-11-1957,QTTFB5770Z
Pooja Lakhotia,Female,15-06-1988,OTGHP0642B
Rupali Poddar,Female,09-04-1998,FFFBS0782N
Soni Patnaik,Female,17-02-1966,CGWCP6015P
Nupur Sardana,Female,08-11-1976,WBAPJ1826K
Gauri Kamat,Female,29-07-2001,VWQAN0632A
Tulsi Joshi,Female,03-12-1955,NKBBS4953O
Samanata Bindra,Female,10-07-1962,KWPGK4707R
Kaushiki Dhoni,Female,01-09-1959,DRDBJ9137S
Jeevika Roy,Female,03-08-1975,KLJBM0247T
Madri Patel,Female,23-03-1952,ADGPD2907L
Smita Basu,Female,28-04-1997,XXUPO0159S
Parvati Marandi,Female,24-06-1992,WSDJV7237W
Prabha Dixit,Female,11-10-1997,RLVLR5606O
Seema Deo,Female,02-01-1997,WQCFK5848Y
Pallavi Bhadauria,Female,30-08-1956,FTLFY7059A
Kaushalya Kohli,Female,10-04-1949,KYMPU9032H
Ruchi Adarsh,Female,13-01-1955,OZSHW7737B
Gautami Khurrana,Female,28-10-1966,ULLBM8314W
Mala Nair,Female,29-08-1982,UWTTE4544H
Ketki Swaraj,Female,19-10-1949,SEVGN2495Z
Reeta Chawla,Female,15-08-1971,WKOFW7249K
Swara Hazari,Female,24-11-1955,OHHPT7220X
Suhasini Bhati,Female,15-07-1995,XOPFI7889J
Meenu Kamat,Female,04-10-1987,ZSYGK6482B
Urshita Khanna,Female,30-08-1985,BKUFW7692K
Niharika Tripathi,Female,08-11-1995,KEMGJ0186L
Monika Atrey,Female,01-10-1989,OPSFT2121V
Poonam Mehta,Female,04-11-1969,GCQGF1548U
Seema Sethi,Female,13-01-1980,OBCBA3987I
Shilpi Hajariya,Female,19-04-1952,PLOFX9266B
Poornima Mahto,Female,23-07-1953,WIPHF9307C
Janki Shorey,Female,25-04-1997,OCKBR6639A
Kajol Malode,Female,03-01-1965,FMFFQ3202H
Bhagwati Bhogle,Female,24-03-1966,WSNHT8479G
Yashoda Khatri,Female,07-02-1974,DOYPL4167T
Sukritika Shankar,Female,08-07-1991,QLWJU6380V
Tanu Misra,Female,07-11-1980,TKBBC8722Z
Taruna Mishra,Female,05-04-1949,VWWCW2757E
Basanti Jha,Female,01-01-1984,GIUCA6672W
Lavisha Gaharwar,Female,31-12-1965,OEMFS7482N
Gargi Sagar,Female,15-02-1992,UEZCZ6830S
Rukmini Malik,Female,11-03-1969,RLMPM7114H
Kanti Bhawsar,Female,18-06-1966,KVOBD8699K
Adya Dhoundial,Female,15-02-1983,YFGAR9718R
Kiara Bhatnagar,Female,15-08-1969,AHZBZ1236L
Chhaya Khera,Female,06-09-1985,OGEPF6295L
Saraswati Jaitley,Female,17-04-1987,VDPBV2236X
Anushree Biswas,Female,19-08-1976,RQAGA1096W
Kalyani Kashyap,Female,03-05-1980,JBQFZ5611V
Shridevi Rao,Female,13-01-1990,CAHHR6397B
Pinaka Dholakia,Female,05-10-2001,AFRFK4951W
Manjula Didwania,Female,20-09-1949,CJILR2521K
Rajshree Pradhan,Female,04-05-1971,FZTLB3901A
Santanika Bhogle,Female,20-03-2000,MLSTU2259L
Aditi Piramal,Female,28-10-1980,EHIJB7983R
Revati Kulkarni,Female,05-05-1969,QOOJG3720R
Jyoti Modi,Female,12-12-1980,DERGW2192R
Vartika Biswas,Female,17-10-1956,HIKFB9615M
Sushmita Pednekar,Female,19-06-1979,JFVBX7730P
Varuna Kaushik,Female,14-02-1953,BDUFI3136F
Neelima Singhal,Female,18-07-1965,OJNJU5054S
Aaradhita Gandhi,Female,18-12-1975,CWRBH1879V
Sarojini Malik,Female,17-05-1960,BPYCG3194E
Mahalakshmi Dholakia,Female,01-11-1989,JLILN1927N
Rachana Kapoor,Female,31-07-1986,SRPGW7694A
Arushi Bachchan,Female,14-08-1954,FUHTZ2155H
Mamta Gokhale,Female,07-04-1957,RVHPE0250W
Rimsha Nishad,Female,13-12-1954,IDITZ5892T
Shaloo Sagar,Female,21-04-2001,PFDFI3965Y
Indrani Deewan,Female,27-07-1956,AJMPH5834T
Prerna Dhoni,Female,15-08-1978,TAZHN5401F
Aaradhita Nahar,Female,05-10-1964,XWJCC7571K
Shilpa Dhoundial,Female,04-09-1959,QQDJU6664Q
Sarika Bahuguna,Female,27-12-1961,GVSFQ4812W
Madhu Rao,Female,16-10-1976,DATJB6045X
Vidushi Kher,Female,04-02-1995,FBSGS9069R
Vishakha Jha,Female,18-11-1958,HLDLK8221G
Arunima Kanetkar,Female,07-06-1993,KTUPO9430I
Aastha Gupta,Female,15-02-1991,LSIAN4014G
Chandani Kulkarni,Female,06-09-1965,DTGJS2570Y
Tanushree Gaonkar,Female,02-02-1949,TOFGU1407T
Shilpa Holkar,Female,09-06-2001,PZUPK7853H
Anushka Soman,Female,29-12-2000,ZEBJM8952O
Bhawna Khandelwal,Female,21-11-1976,WIWGV3748Q
Alka Vaidya,Female,26-05-1959,JJJCQ1532L
Surekha Bhawsar,Female,29-05-1975,CGLHD2910L
Shikha Malhotra,Female,13-09-1948,EDPLF6132X
Soni Jahagirdar,Female,16-09-1992,SLNHU2929U
Priti Yaduvanshi,Female,23-08-1966,MFXCG4132A
Anushka Wahal,Female,06-04-1987,ZDMFN0661I
Meenu Hatwal,Female,03-02-1967,IXWFR6805B
Nitika Atlani,Female,17-08-1993,UJBPW4207F
Chandrakala Jhunjhunwala,Female,21-10-1964,DVIBV9792Z
Charu Kothari,Female,20-01-1960,HXIJC0993L
Awantika Bhansali,Female,21-11-1961,EARFF0505I
Kaushalya Priyadarshini,Female,28-05-1994,WWRLI1167Z
Shivanshi Bhandari,Female,31-07-1962,KUTFF9037O
Vasundhara Raina,Female,09-03-1997,SGGHL3330G
Nishtha Goenka,Female,16-03-1993,BMDBX7527Y
Ambika Ray,Female,20-05-1968,ENWLX5585R
Vrinda Lakhotia,Female,25-05-1975,GZLAW2449W
Anjana Agrawal,Female,10-04-1966,YRSCT2204P
Kamya Bachchan,Female,12-01-1986,CUBPN0079P
Shivanshi Singhi,Female,29-07-2001,ZLOBF9241W
Vidya Pal,Female,29-10-1999,PIOFA3022Z
Sangeeta Shastry,Female,23-08-1950,UOWFK6003G
Shayantani Bhadauria,Female,01-04-1992,SHBPL7431P
Chandrakanti Patwari,Female,11-10-1983,PJOFY6005E
Dhara Atlani,Female,03-10-1974,UIJHR0178F
Kiara Goswami,Female,27-09-1966,NEBGR5722M
Awantika Khatri,Female,03-07-1997,GOQJD1888D
Lata Goyal,Female,02-07-1959,YROHP5719G
Neeru Jaitley,Female,19-05-1964,CFVFH6424R
Hamsika Azad,Female,11-07-1962,JVTHM0832P
Babita Shorey,Female,21-09-1952,SIUCW0360X
Gayatri Khanna,Female,02-09-1948,SLUFV1302H
Urshita Sinha,Female,24-03-1951,OTPFW1682F
Ranjana Valmiki,Female,26-11-1989,KPPFT4102A
Swati Kayasth,Female,15-12-1991,EHMTW9422G
Aparajita Shastri,Female,24-11-1959,THQAY0492F
Savitri Shrivastava,Female,24-08-1956,JFAHC2782R
Mandakini Hajariya,Female,04-01-1966,JAEAL2149S
Rupa Vaidya,Female,12-12-1967,MAWJC3994Q
Premlata Malode,Female,05-08-1993,SSXBR1376T
Gunja Ketkar,Female,25-05-1984,PYUPM4627F
Premlata Dadhich,Female,04-06-1975,ZSKCX5303I
Neetoo Sinha,Female,14-12-1976,UGWBQ1311F
Kiara Chandravanshi,Female,29-11-1974,SEQJE1912S
Maitri Pushkar,Female,29-07-1956,CANFS9331Q
Ayushi Lakhotia,Female,26-06-1982,MYTLS9626O
Nandita Dasgupta,Female,17-08-1990,SZNFV4810U
Isha Deol,Female,14-02-1991,QTDLM5354V
Sadhana Atrey,Female,30-10-1980,SMNFX2914S
Naina Agrawal,Female,27-11-1993,UAGJG3292D
Nivedita Singhi,Female,06-04-1969,DLPHR1078N
Vaagishwari Pandey,Female,01-10-1968,ZMWCP1171Z
Sudeeksha Pradhan,Female,17-05-1998,UUOFR5716N
Swaranjali Yadav,Female,14-05-1981,YNPFX4635W
Sonakshi Jha,Female,21-01-1958,INPJG9196W
Sheetal Ganguly,Female,08-10-1985,IERPN1189X
Vaani Dalal,Female,05-09-1953,ZKVPR9277G
Kashika Khanna,Female,07-04-1966,ANJGQ3542G
Priyanka Baranwal,Female,18-10-1991,YSYCR0941P
Pratiksha Jadhav,Female,28-08-1976,NTUFH5519Q
Savitri Sinha,Female,12-12-1977,VJNCI8430K
Mansa Bhadauria,Female,03-04-1956,RMGJF2980Z
Sameeksha Mukhopadhyay,Female,31-08-1948,VYOFE9377N
Shubhangi Bhaskar,Female,26-03-1954,MNDHC5892F
Anubhuti Gaharwar,Female,25-09-1955,VHWTW0286Z
Kaushalya Kanetkar,Female,15-05-1982,POGJK1931K
Mayuri Bansal,Female,21-06-1964,DTOLS8325C
Kaveri Dubey,Female,25-02-1984,UBRTR4500U
Sukritika Gokhale,Female,09-06-1957,DFVFW9034B
Anusha Thakur,Female,26-02-1951,ILIJN4953C
Devyani Mangeshkar,Female,27-10-1989,WGLJD4514S
Rakshita Khosla,Female,27-09-1948,QGGFO5847O
Taruna Vaidya,Female,13-09-1992,ENDAR2740H
Komal Patnaik,Female,04-07-1992,HSNCE6406C
Nidhi Chaturvedi,Female,19-05-1965,ATYBO8532A
Khyati Modi,Female,18-06-1991,EGDGS9060J
Nishtha Kothari,Female,12-05-1952,HCTPP3082T
Nimisha Marandi,Female,31-08-1962,RELGM8307X
Alka Bhandarkar,Female,31-12-1953,SGEGI4404O
Manjari Nishad,Female,08-01-1959,LKTFZ1224Q
Prashansa Giri,Female,16-07-1981,JWDHS2492Z
Manjari Banerjee,Female,25-06-1948,WFFPI0014T
Kalpana Chandravanshi,Female,23-05-1977,CYNPJ0040V
Sonakshi Lakhotia,Female,20-01-1985,WVZAN2591S
Manjari Atlani,Female,03-03-1964,JWVTB9858Z
Namrata Awasthi,Female,17-02-1976,DINLF7720Q
Ikshita Unadkat,Female,03-05-1950,KLDFR9781I
Sukritika Kaul,Female,25-11-1987,PQJFF2326Q
Kangana Saxena,Female,02-12-1996,OVCGH7934C
Kirti Kamal,Female,26-12-1954,BBBHB3284Z
Kajal Haldar,Female,27-10-2001,RTNBQ3112S
Shaguun Maali,Female,17-09-1992,UHFHL9675D
Kanak Fadnavis,Female,07-08-2001,PENGQ1820H
Anokhi Bhaskar,Female,13-06-1954,JOQGM8280G
Aaradhita Khosla,Female,10-06-1972,NWJHU8758L
Nitya Bhati,Female,21-11-1959,KVDFU4918E
Upagya Holkar,Female,24-10-1973,IZFBB4340B
Chandani Deshmukh,Female,19-08-1958,SSJBZ4226I
Kriti Kannaujiya,Female,30-12-1961,ADWJJ1414O
Madhuri Bose,Female,05-12-1979,EPKFH6606S
Tulsi Piramal,Female,17-12-1992,CPTHU2509N
Harshini Nishad,Female,19-02-1972,LRFFW0159V
Shailja Naik,Female,08-10-1950,DGMFQ0496C
Vrinda Patel,Female,16-09-1954,RYFBW8969G
Basanti Balyan,Female,26-01-1968,ROFBS0953R
Avani Banerjee,Female,31-03-1999,MUNFI2689L
Santoshi Maali,Female,12-09-1950,UMFPO3431Y
Anjali Garg,Female,01-12-1989,UFQFM5647G
Rekha Dhanuka,Female,14-09-2000,IOVHH0622F
Upagya Ambani,Female,07-03-1968,RXWGF4775P
Priti Mishra,Female,17-09-1949,EDHGF7318Z
Anjali Batra,Female,22-09-1983,IMUTG6641X
Deepali Valmiki,Female,10-08-1968,ZBNGO9403H
Saroj Saini,Female,06-03-1949,GUSJC2757X
Supriya Kakkar,Female,25-03-1968,FYUPJ3885M
Upasana Rawat,Female,24-02-1973,AKKHZ2791E
Sanskriti Gaitonde,Female,16-09-2000,XEEBD3230N
Naina Garg,Female,02-10-1985,UZOAN7083Q
Janki Desai,Female,24-11-1991,NEDJB4906P
Rupanjali Maali,Female,15-04-1997,IAWPL5103O
Mukti Kher,Female,20-07-1983,PIOBC5609W
Shivanshi Kashyap,Female,21-01-1978,IYTFP0127X
Niharika Anand,Female,12-11-1998,IVOHK5571P
Uma Chandrachud,Female,09-07-1952,KKMHC1526H
Arpana Javdekar,Female,11-06-1979,NBJBG6916Y
Mukti Pujari,Female,08-12-1957,RJBJD6343W
Lavanya Wahal,Female,13-03-1991,AKVFC2842O
Subhadra Bala,Female,31-10-1951,QSECE4051R
Mandavi Paswan,Female,10-01-1997,ZWJPM9348D
Suman Patwari,Female,13-03-1972,WKZHQ7279G
Himanshi Choudhuri,Female,13-06-1978,YXSBW7744U
Tarika Hatwal,Female,07-12-1977,ZNAPP6899X
Sarojini Sahani,Female,05-11-1947,ZKXFF4512S
Ratnesh Tyagi,Female,08-01-1957,ODALG0547W
Devika Haldar,Female,24-02-1995,HASAU7471X
Tanushree Negi,Female,14-06-1966,VWNPJ0149S
Shuchita Umar,Female,27-03-2001,AIGLA2870O
Shipra Shah,Female,31-03-1980,RBJFG0180S
Mahadevi Narula,Female,02-03-1996,AZXCD6401P
Neelima Dey,Female,06-04-1949,YKJGT3005B
Priyanka Bhadauria,Female,10-05-1994,RHJTY8070N
Kiara Deshpande,Female,21-11-1981,NNKAL1802C
Vanshika Nair,Female,13-01-1972,UBFFO2007B
Deepshikha Yaduvanshi,Female,09-12-1966,YCGAI6031X
Tanushree Rode,Female,03-11-1974,XMEFV7286J
Usha Upadhyay,Female,13-06-1987,PVZBJ8893R
Bhavya Sisodia,Female,20-04-1949,LAATQ3235S
Sharda Ghosh,Female,19-02-1996,MAAGR5703V
Sumitra Nath,Female,19-02-1949,RRYPB4725J
Shaguun Bhat,Female,15-10-1975,MUIFK9763B
Sunanda Shirke,Female,21-09-1969,ZVXAO2246V
Rachana Swaraj,Female,15-09-1977,ZFATB8912F
Kalpana Raje,Female,18-08-1978,BFHFN0655U
Aradhana Soni,Female,04-01-2000,NVXFI8654Q
Sujata Kakkar,Female,26-06-1961,IUTAT2408X
Lipi Sahay,Female,02-05-1953,FVJFU8459P
Kaavya Mahto,Female,16-01-1979,MQMCW1458O
Sulabha Saha,Female,06-02-1961,IKKPI0009R
Anushree Chaubey,Female,24-08-1966,SAVFV9205D
Dishita Jindal,Female,17-09-1958,ENDLG9132M
Shanti Tripathi,Female,15-08-1975,PNMTG0897J
Riya Maali,Female,02-11-1952,KNXLE0292Y
Anvesha Dhanuka,Female,30-12-1958,MBEFY1266K
Shaguun Dutta,Female,27-08-1972,CSYFA1186B
Kumkum Purohit,Female,31-05-1975,FZLFL6830R
Mandavi Kedia,Female,19-03-1978,WWWTL9062V
Kiara Jha,Female,01-10-1966,IPUHY1116D
Moni Bandopadhyay,Female,23-10-1961,MYFLM9927W
Palak Modi,Female,10-03-1968,UXRFV0121L
Nootan Agnihotri,Female,29-09-1988,WUGFO0421A
Shilpi Khajuria,Female,19-10-1968,JQXCC0977Q
Hansvi Guru,Female,20-09-1998,QHWGN4593S
