,NAME,DOB,GENDER,ID
0,Aanchal Srivatsa,['31-08-1995'],['Female'],['VRTFH2847A']
1,Abhisar Malik,['23-07-1965'],['Male'],['LPRLY2520G']
2,Abhisar Khajuria,['08-02-1974'],['Male'],['XCRHT6696V']
3,Abhinesh Singhaniya,['05-09-1977'],['Male'],['EXYJB9031L']
4,Abhilasha Arora,['22-04-1976'],['Female'],['FPOLQ4618L']
5,Akhilesh Guha,['29-12-1969'],['Male'],['DNPJB1589C']
6,Abhinesh Dadhich,['16-05-1955'],['Male'],['VZNHX5365A']
7,Akhilesh Talwar,['22-04-1948'],['Male'],['HVDFY0514H']
9,Agni Malode,['26-11-1972'],['Male'],['TNNLU3094U']
10,Adityanath Narayan,['26-11-1975'],['Male'],['WMGAR7012T']
12,Aman Baranwal,['12-05-1969'],['Male'],['DPABK1472L']
15,Aaradhita Gandhi,['18-12-1975'],['Female'],['CWRBH1879V']
16,Agni Pandey,['20-02-1992'],['Male'],['EAMJV3437B']
17,Abhisar Maheshwari,['25-11-1991'],['Male'],['BAFJG1224L']
18,Adyashankar Rao,['07-05-1973'],['Male'],['DAJPC4150P']
19,Agni Tyagi,['28-09-1985'],['Male'],['XGZFE7225A']
20,Akshit Bala,['16-06-1996'],['Male'],['UGXAL3110N']
21,Aditya Keshari,['16-10-1983'],['Male'],['RRVFG9837G']
22,Aaradhita Khosla,['10-06-1972'],['Female'],['NWJHU8758L']
23,Akshay Bandopadhyay,['03-07-1970'],['Male'],['LKFOS5068C']
24,Akhilesh Bansal,['15-11-1968'],['Male'],['FZLPP0200T']
25,Aaradhita Nahar,['05-10-1964'],['Female'],['XWJCC7571K']
26,Aditi Piramal,['28-10-1980'],['Female'],['EHIJB7983R']
27,Adityanath Rai,['27-11-1960'],['Male'],['BFYCD2503L']
28,Aarti Rathore,['11-11-1991'],['Female'],['FPKLH7180E']
29,Agni Vishwakarma,['18-12-1976'],['Male'],['LFPCH2965C']
31,Anish Garg,['15-09-1973'],['Male'],['YRUHY0179Q']
32,Amrit Verma,['02-02-1969'],['Male'],['FJECZ5248L']
33,Anil Shankar,['19-10-1973'],['Male'],['PWRBL5987W']
34,Ankur Bharadwaj,['25-06-1958'],['Male'],['LQSHQ0724M']
35,Anubhuti Dhanuka,['09-08-1986'],['Female'],['TMTFP5897S']
37,Ambar Didwania,['01-03-1974'],['Male'],['UHZGS9242U']
38,Amol Tripathi,['23-06-1985'],['Male'],['UBIBY0270N']
39,Animesh Gond,['03-05-1995'],['Male'],['HMEPC7687T']
40,Amol Anand,['29-10-1998'],['Male'],['TTALK7944X']
41,Amber Lalwani,['24-02-2000'],['Male'],['TJLFE8977E']
42,Amit Menon,['15-09-1953'],['Male'],['GYSPF1464J']
45,Amogh Bhatia,['26-09-1973'],['Male'],['EGYLI3869L']
46,Ameya Gehlot,['08-05-1962'],['Male'],['YRJGK3106U']
47,Ameya Reddy,['10-09-1976'],['Male'],['TQHPO8546V']
48,Ameya Gaharwar,['19-04-1956'],['Male'],['KPLGX2291E']
50,Amrit More,['29-03-1950'],['Male'],['KQRFG1545K']
51,Anmol Rana,['23-02-1991'],['Male'],['HLQFM7810U']
52,Amrita Maali,['27-03-1955'],['Female'],['NKNLC3154Y']
53,Amit Shukla,['05-03-1989'],['Male'],['QADJE6541G']
54,Amrit Bahuguna,['02-01-1970'],['Male'],['VTKFS3100V']
55,Amit Chaurasiya,['18-07-1993'],['Male'],['DRXPI0032S']
57,Anshul Maken,['29-03-1987'],['Male'],['ZTBBG8793C']
61,Archana Adarsh,['13-04-1963'],['Female'],['XFXLV5154Q']
63,Anurag Tomar,['16-11-1979'],['Male'],['WGUCE0485T']
64,Anusha Srivastava,['19-03-1980'],['Female'],['QYEHG8030N']
65,Arun Bahl,['08-11-1953'],['Male'],['HWZFL8850A']
67,Arpit Chandra,['14-06-2000'],['Male'],['KKZCE9159T']
68,Anushree Biswas,['19-08-1976'],['Female'],['RQAGA1096W']
70,Anusha Thakur,['26-02-1951'],['Female'],['ILIJN4953C']
71,Arvind Goel,['23-01-2000'],['Male'],['AYIFY8802N']
73,Anuj Mahajan,['27-08-1968'],['Male'],['SBQBW1145U']
74,Anubhuti Gaharwar,['25-09-1955'],['Female'],['VHWTW0286Z']
75,Arushi Bachchan,['14-08-1954'],['Female'],['FUHTZ2155H']
77,Aradhana Soni,['04-01-2000'],['Female'],['NVXFI8654Q']
80,Anupriya Maheshwari,['03-10-1974'],['Female'],['WDHLV5525N']
82,Anupam Holkar,['26-02-1967'],['Male'],['MJNTA0122N']
83,Arun Chaubey,['18-08-1972'],['Male'],['UHDBP2467N']
84,Anvesha Dhanuka,['30-12-1958'],['Female'],['MBEFY1266K']
85,Anushka Nath,['14-01-1958'],['Female'],['DZDHJ4016L']
87,Aviral Chaubey,['17-09-1955'],['Male'],['TUFAG6182B']
88,Aseem Munda,['24-07-1970'],['Male'],['EUSBZ5085S']
89,Ashu Mahajan,['05-07-1983'],['Male'],['LQDTD5444T']
90,Arvind Parmar,['07-03-1989'],['Male'],['HNPFW2337S']
91,Avijit Wahal,['27-10-1970'],['Male'],['JUOFH2545N']
92,Atulanand Srivatsa,['10-06-1993'],['Male'],['SGGPS4306R']
93,Atishay Gunji,['25-12-1947'],['Male'],['VDXCL4405V']
94,Atharva Tata,['17-01-1975'],['Male'],['FFRJG3717T']
95,Avijit Chandra,['13-04-1967'],['Male'],['CGYAQ7972N']
96,Avnish Bharadwaj,['29-08-1962'],['Male'],['HZSLZ3728W']
97,Awantika Khatri,['03-07-1997'],['Female'],['GOQJD1888D']
98,Ashwini Agrawal,['05-06-1992'],['Male'],['UWPCL6780T']
100,Asha Kulkarni,['06-03-1953'],['Female'],['CZMCR1209N']
101,Babulal Bhawsar,['16-07-1952'],['Male'],['BKIFI7856M']
102,Aryabhatta Anand,['04-10-1966'],['Male'],['BRRFS8252J']
103,Aryan Saxena,['09-12-1972'],['Male'],['RRWBC6628F']
104,Avinash Nahar,['19-04-1976'],['Male'],['FBGTJ8256Q']
105,Aviral Mistry,['28-01-1989'],['Male'],['SKGNG6407B']
106,Baikunth Chopra,['25-10-1981'],['Male'],['TKDLM1121M']
108,Ashwini Patnaik,['14-10-1989'],['Male'],['DUOPA3014N']
109,Baldev Dasgupta,['29-03-1958'],['Male'],['DFFLO5270K']
110,Aryabhatta Goyal,['26-07-1982'],['Male'],['PATCQ3525S']
111,Ayush Jaitley,['21-05-1987'],['Male'],['KLUGU1332L']
112,Atulanand Reddy,['27-09-1947'],['Male'],['SGJCL4010S']
113,Ashu Bhattacharya,['14-05-1965'],['Male'],['JDAFT2161A']
114,Bheem Dutt,['06-10-1958'],['Male'],['CJXPZ8463G']
115,Bharadwaj Chandravanshi,['03-05-1999'],['Male'],['ASKJY8615Q']
116,Bhupendra Nayak,['29-07-1962'],['Male'],['NQTBK7795K']
118,Basanti Didwania,['03-12-1950'],['Female'],['PINPR9222R']
119,Brijbhushan Dave,['21-07-1992'],['Male'],['VHIAJ5179U']
122,Balwant More,['29-11-1954'],['Male'],['JBBLZ1931E']
124,Bhagvati Agnihotri,['15-07-1948'],['Female'],['ZCQAQ3954U']
126,Bhagvant Sawant,['03-03-1959'],['Male'],['OBXAP3733Q']
127,Brijmohan Shukla,['25-04-1970'],['Male'],['GMUCS9520U']
128,Bhushan Dutt,['10-07-1954'],['Male'],['XYLJA4317U']
129,Bhawna Khandelwal,['21-11-1976'],['Female'],['WIWGV3748Q']
130,Bharat Desai,['17-09-1966'],['Male'],['JUGBQ5809A']
131,Bharat Lohia,['12-01-1948'],['Male'],['KOAHM4127V']
132,Brajesh Rajpurohit,['01-09-1955'],['Male'],['RWGFM2772A']
133,Basanti Bhandarkar,['30-04-1972'],['Female'],['PYMGM8657W']
134,Bhargav Khera,['06-12-1972'],['Male'],['JGEFF8687R']
135,Brajesh Awasthi,['15-03-1956'],['Male'],['JAJHL6791H']
136,Bharat Dikshit,['08-11-1950'],['Male'],['MXJTH3636M']
137,Chandan Patel,['26-01-1950'],['Male'],['PVNAD9078M']
138,Bharadwaj Munda,['11-03-1975'],['Male'],['GVYAE7410Q']
139,Bhoomi Kumar,['29-11-1994'],['Female'],['BXVPC0687P']
140,Bharadwaj Haldar,['15-09-1997'],['Male'],['OSLFN9150D']
141,Dharam Mahajan,['18-02-1983'],['Male'],['WBXTW7604H']
142,Chandramauli Raina,['25-10-1992'],['Male'],['VQNTO6761H']
143,Devbrat Chandra,['20-11-1987'],['Male'],['SGBBJ6118N']
144,Darshan Bindra,['27-02-1991'],['Male'],['GDSBE9039U']
145,Chirag Deewan,['06-02-1956'],['Male'],['XAIGP2349D']
146,Devika Haldar,['24-02-1995'],['Female'],['HASAU7471X']
148,Chintamani Bhandarkar,['31-12-1981'],['Female'],['JNGJL7827R']
150,Deepam Thakur,['05-03-1994'],['Male'],['KHTFH3802T']
153,Devendra Thakur,['13-09-1974'],['Male'],['YBVFO2576K']
157,Chhotelal Verma,['12-02-1997'],['Male'],['XKHHG0183X']
158,Chandrakala Jhunjhunwala,['21-10-1964'],['Female'],['DVIBV9792Z']
159,Chirag Rathi,['11-07-1953'],['Male'],['MRQPN4761R']
161,Devang Tomar,['28-12-1968'],['Male'],['ODVBZ6402G']
163,Dharam Gond,['17-07-1954'],['Male'],['WFIPV9794F']
165,Chandramauli Shastry,['18-03-1983'],['Male'],['ZZYPM6360V']
166,Devang Bakshi,['09-01-1964'],['Male'],['HTFPW9287B']
167,Devendra Mumukshu,['07-06-1969'],['Male'],['NRYCQ6432P']
168,Dayashankar Bajaj,['22-01-2001'],['Male'],['AVYTW6988N']
169,Darshan Sharma,['12-01-1980'],['Male'],['GIGJP3200L']
170,Dashrath Gandhi,['09-09-1956'],['Male'],['FWJBL8776X']
171,Dashrath Gadkari,['18-02-1992'],['Male'],['KOAFW3060Z']
172,Chandramauli Jain,['24-04-1981'],['Male'],['XJELO0342F']
173,Gautami Khurrana,['28-10-1966'],['Female'],['ULLBM8314W']
174,Divakar Rode,['08-03-1966'],['Male'],['RVFTS9564V']
180,Dharmendra Umrao,['15-04-1992'],['Male'],['HCCGZ0174P']
181,Gaurish Gandhi,['18-06-1948'],['Male'],['QJSJL5263T']
182,Giriraj Pujari,['05-03-1982'],['Male'],['GQCLZ9413Z']
184,Gaurish Ambani,['20-12-1971'],['Male'],['QMCBE1005E']
186,Dinkar Sardana,['17-06-1996'],['Male'],['JFQCP1956S']
187,Dinesh Unadkat,['12-05-1963'],['Male'],['OQYLE1000H']
189,Gagan Singhaniya,['09-04-1980'],['Male'],['PJNHF5320W']
190,Dilip Bendre,['26-12-1983'],['Male'],['VYMFS8168S']
191,Divakar Narula,['01-03-1961'],['Male'],['TIKTC8687X']
192,Gangesh Khajuria,['29-10-1952'],['Male'],['OKEFL1710D']
195,Digvijay Chaturvedi,['09-03-1998'],['Male'],['NSXFX1441P']
196,Dheeraj Sarkar,['14-09-1990'],['Male'],['UQMGY2734T']
197,Giriraj Chandravanshi,['04-08-1994'],['Male'],['QGVLI4906P']
198,Gauri Kamat,['29-07-2001'],['Female'],['VWQAN0632A']
199,Drupad Sahani,['05-02-1962'],['Male'],['VQXHW9424D']
200,Dhruv Dalal,['04-04-1958'],['Male'],['RDKFU0467D']
201,Gangesh Bansal,['29-06-1991'],['Male'],['PQOBH6080M']
202,Diwakar Kaul,['04-06-1969'],['Male'],['BRFAD2245E']
203,Diwakar Sawant,['29-04-1952'],['Male'],['DKBFI9506L']
204,Harshal Mukherjee,['05-04-1980'],['Male'],['XJVAP5687Q']
205,Harini Soni,['08-04-1953'],['Female'],['WCQCN8622N']
206,Giriraj Unadkat,['15-06-1983'],['Male'],['DWGGC6526B']
208,Gyanendra Sampla,['02-11-1969'],['Male'],['SQEHC5193V']
209,Harishchandra Kharwar,['10-08-1953'],['Male'],['UGTFY3861M']
210,Harshal Chandravanshi,['14-11-1948'],['Male'],['HZSFQ0139V']
211,Harihar Upadhyay,['10-06-1984'],['Male'],['RNJBC5470G']
212,Haushila Gond,['13-08-1996'],['Male'],['SAMCR3642G']
213,Harsh Malik,['29-09-1993'],['Male'],['RCPLI5103X']
214,Harishankar Hajariya,['24-12-1954'],['Male'],['LMCFV9124L']
215,Hansvi Guru,['20-09-1998'],['Female'],['QHWGN4593S']
217,Gomed Agnihotri,['07-10-1971'],['Male'],['GKFCJ5473B']
218,Harishankar Dutta,['16-09-1948'],['Male'],['AEZJI0104B']
219,Harishankar Holkar,['29-07-1974'],['Male'],['ZUUPD0230B']
220,Govind Kothari,['21-12-1998'],['Male'],['ZXXAD8567C']
221,Hansika Ambani,['24-09-1962'],['Female'],['IYVAE5466V']
222,Hamsika Azad,['11-07-1962'],['Female'],['JVTHM0832P']
223,Harini Lakhotia,['27-08-1988'],['Female'],['QTFLR5557H']
224,Gyanendra Dabral,['19-02-1986'],['Male'],['LZKJT5991M']
225,Harshad Dhoundial,['20-11-1952'],['Male'],['QJDBV0941R']
226,Hardik Shirke,['16-01-1954'],['Male'],['PMJAF1791G']
227,Govardhan Mahajan,['09-08-1963'],['Male'],['SWVHO1699S']
228,Harshini Nishad,['19-02-1972'],['Female'],['LRFFW0159V']
229,Harshal Bachchan,['19-02-1981'],['Male'],['VWSTG0688N']
230,Harshvardhan Chandra,['12-02-1968'],['Male'],['NTGCE8171D']
231,Hansika Bishnoi,['16-03-1967'],['Female'],['UBHHA0954V']
232,Hari Sampla,['10-02-1975'],['Male'],['VMQTW4357A']
233,Himansh Bhaskar,['28-05-1998'],['Male'],['KFSCQ5254K']
234,Indrajit Shandilya,['10-11-2000'],['Male'],['SDKPE8758E']
236,Indresh Mittal,['20-04-1957'],['Male'],['DWOGF0901C']
237,Hema Bhaskar,['19-08-1948'],['Female'],['RVDFT9893D']
239,Himansh Shirke,['10-12-1968'],['Male'],['DBUFV2863Y']
240,Indraneel Goenka,['20-09-1956'],['Male'],['VKYCO8556C']
241,Indumati Bachchan,['29-04-1993'],['Female'],['SAOGF9361U']
242,Jagdish Sharma,['26-04-1993'],['Male'],['FWFGV1934U']
243,Indraneel Anand,['14-11-1975'],['Male'],['QCMAE4162S']
244,Indresh Rao,['13-09-1980'],['Male'],['WZHPZ1215Q']
245,Isha Deol,['14-02-1991'],['Female'],['QTDLM5354V']
246,Himanshi Choudhuri,['13-06-1978'],['Female'],['YXSBW7744U']
248,Hemant Dhoni,['11-06-1968'],['Male'],['LFCTN1446P']
249,Indrajit Tata,['23-09-1997'],['Male'],['YHPGK3190Y']
250,Indrajit Jhunjhunwala,['24-08-1983'],['Male'],['RUIFT5360Z']
252,Hemant Scindia,['21-05-1961'],['Male'],['ZCPJR3063U']
253,Janardan Menon,['20-02-1980'],['Male'],['ZTVJH3846D']
254,Indrani Deewan,['27-07-1956'],['Female'],['AJMPH5834T']
255,Himani Basu,['11-02-1969'],['Female'],['EYNFJ2668L']
256,Janardan Ambedkar,['07-11-1955'],['Male'],['YRQCF5575B']
257,Jamunadas Hazari,['16-06-1954'],['Male'],['OHDFI8295R']
258,Indrasen Tendulkar,['14-08-1953'],['Male'],['NTNLF1399K']
259,Jamunadas Kamat,['14-04-1980'],['Male'],['ISRPX5052D']
260,Jayesh Dholakia,['09-10-1952'],['Male'],['HNIGF2752X']
261,Kanak Fadnavis,['07-08-2001'],['Female'],['PENGQ1820H']
262,Jayesh Singhaniya,['10-02-1950'],['Male'],['CQNBT9019R']
264,Kailash Rode,['31-05-1960'],['Male'],['CIPBY6690G']
265,Jeetendra Dogra,['06-05-1960'],['Male'],['USVHA0531D']
266,Kalavati Mangeshkar,['07-03-1950'],['Female'],['PFSBA2366S']
267,Kalavati Mishra,['22-04-1995'],['Female'],['DFMGF7658G']
272,Jatin Nishad,['26-03-2000'],['Male'],['OWGHC4377B']
273,Kalishankar Dasgupta,['31-08-1950'],['Male'],['HTHCS4756W']
274,Kapil Ghoshal,['06-12-1954'],['Male'],['WNBAT3867C']
276,Kamlesh Jindal,['12-06-1964'],['Male'],['UJSLN8410E']
281,Kanakprasad Deshpande,['22-11-1962'],['Male'],['WRLFH6815Z']
282,Kalloo Dutta,['03-12-1949'],['Male'],['PUHJW7628P']
283,Karan Kakkar,['04-01-1966'],['Male'],['EXCPB1503P']
286,Jyotiraditya Sarkar,['11-04-2001'],['Male'],['WAXCD4604D']
288,Kishan Rawal,['28-11-1972'],['Male'],['GKUPF4474T']
289,Kashyap Talwar,['28-08-1952'],['Male'],['ZQEAK4897T']
290,Kashi Kulkarni,['21-05-1974'],['Female'],['UJZFU2072A']
291,Kokila Paswan,['14-12-2000'],['Female'],['FRIAQ6305U']
292,Kiara Chandravanshi,['29-11-1974'],['Female'],['SEQJE1912S']
297,Kashyap Kedia,['24-09-1987'],['Male'],['ANVGQ8532K']
299,Kiara Parmar,['20-08-2001'],['Female'],['CVNGV7938Z']
300,Kishan Goyal,['09-10-1953'],['Male'],['XKAFG6664L']
302,Kartik Yadav,['09-02-1986'],['Male'],['ATCFS7216Z']
303,Kaushiki Dhoni,['01-09-1959'],['Female'],['DRDBJ9137S']
304,Kokila Chaudhari,['02-12-1954'],['Female'],['EZAFF9737U']
305,Kashika Khanna,['07-04-1966'],['Female'],['ANJGQ3542G']
306,Kirti Kamal,['26-12-1954'],['Female'],['BBBHB3284Z']
308,Koustubh Oberoi,['10-07-1957'],['Male'],['WIIAG1306M']
309,Kashyap Bhatia,['03-11-1990'],['Male'],['PEVFV4506Y']
311,Krishna Nath,['05-08-1991'],['Male'],['YKZAB5013Z']
312,Kartik Arora,['01-02-1954'],['Male'],['RNMAZ4119E']
315,Kiara Goswami,['27-09-1966'],['Female'],['NEBGR5722M']
318,Mahalakshmi Prakash,['24-07-1948'],['Female'],['IFWBJ7957C']
319,Mahavir Kakkar,['02-01-1971'],['Male'],['CNGLA9287F']
320,Mahalakshmi Dholakia,['01-11-1989'],['Female'],['JLILN1927N']
321,Lavisha Azad,['06-07-1984'],['Female'],['WYLHV0204Z']
322,Maithili Bakshi,['14-10-1952'],['Female'],['TAXAO5136V']
323,Lokendra Poddar,['22-07-1968'],['Male'],['XYEPT3162D']
324,Lokendra Azad,['26-04-1967'],['Male'],['YUIAV5999G']
325,Madhu Rao,['16-10-1976'],['Female'],['ATJBG6045X']
326,Lav Menon,['19-12-1949'],['Male'],['GTQFD6431B']
327,Madri Patel,['23-03-1952'],['Female'],['ADGPD2907L']
328,Lav Singhi,['20-04-1989'],['Male'],['DWSFY6688M']
330,Lalita Kaul,['20-08-1980'],['Female'],['WURHS0323L']
331,Kush Vishwakarma,['11-07-1990'],['Male'],['KPJPQ6641R']
333,Lokendra Dabral,['05-04-1951'],['Male'],['NLXBC1905E']
334,Mahadevi Narula,['02-03-1996'],['Female'],['AZXCD6401P']
335,Kritika Basu,['08-01-1977'],['Female'],['ABANG6385M']
337,Mahalakshmi Shrivastava,['02-08-1966'],['Female'],['TCLAO4976H']
338,Lavisha Gaharwar,['31-12-1965'],['Female'],['OEMFS7482N']
340,Lokendra Vishwakarma,['04-10-1977'],['Male'],['NYDPB1087W']
341,Lav Gond wZ Oe,['02-09-1983'],['Male'],['EZCPG9129F']
342,Kumkum Purohit,['31-05-1975'],['Female'],['FZLFL6830R']
343,Lokendra Goel,['21-09-1948'],['Male'],['EZLAB0191S']
344,Lakshman Pujari,['05-02-1996'],['Male'],['AGPCB3705U']
345,Kunal Jaitley,['07-03-1979'],['Male'],['NNKHL9800S']
346,Maithili Atlani,['03-02-1954'],['Female'],['XKSTI9396Z']
347,Manish Munda,['17-04-1999'],['Male'],['CAHLI6315Q']
348,Mansa Chandrachud,['03-04-1987'],['Female'],['FWGAY9598S']
350,Mandakini Bendre,['19-03-1966'],['Female'],['UEZFC0351V']
351,Mamta Rao,['21-06-1985'],['Female'],['RPMTF4674A']
352,Mandavi Paswan,['10-01-1997'],['Female'],['ZWJPM9348D']
354,Manisha Kaushik,['26-10-1965'],['Female'],['RTEHF6501E']
355,Maitri Pushkar,['29-07-1956'],['Female'],['CANFS9331Q']
356,Maitri Shah,['03-07-1960'],['Female'],['STVJU8584V']
358,Manohar Sawant,['10-04-1995'],['Male'],['FPMLV6122L']
359,Markandeya Jaiswal,['15-11-1949'],['Male'],['YUGFJ2046V']
360,Mala Sethi,['27-09-1962'],['Female'],['MIUCL2537V']
363,Manjesh Ahir,['22-07-1983'],['Male'],['ENACB9111J']
365,Manjunath Keshari,['07-02-2000'],['Male'],['LTETF8810S']
366,Manoj Purohit,['24-03-1986'],['Male'],['WVNHG8584X']
367,Malti Gandhi,['11-03-1995'],['Female'],['HOPCU6098H']
368,Maruti Bhaskar,['16-04-1956'],['Male'],['ZBLFV4489G']
369,Manohar Ahale,['13-03-1975'],['Male'],['JLCAP5901T']
370,Mala Nair,['29-08-1982'],['Female'],['UWTTE4544H']
371,Mansa Bhadauria,['03-04-1956'],['Female'],['RMGJF2980Z']
376,Mandavi Kedia,['19-03-1978'],['Female'],['WWWTL9062V']
378,Mithun Bhat,['21-05-1959'],['Male'],['QEHPG3612A']
380,Mukti Verma,['01-10-1994'],['Female'],['WILCS5103D']
381,Milind Ahuja,['06-10-1999'],['Male'],['AKPFY6753F']
383,Meenu Hatwal,['03-02-1967'],['Female'],['XWFRG6805B']
384,Munni Bhandari,['11-07-1996'],['Female'],['LTBFT3911T']
385,Naitik Ketkar,['29-07-1967'],['Male'],['KPNFS1126R']
386,Naina Shastri,['06-09-1987'],['Female'],['EUQPE1351M']
387,Mehul Kaul,['27-03-1986'],['Male'],['LWUBW8839X']
388,Mohan Patwari,['02-01-1960'],['Male'],['JHJAM8078E']
389,Moni Bandopadhyay,['23-10-1961'],['Female'],['MYFLM9927W']
390,Meenu Kamat,['04-10-1987'],['Female'],['ZSYGK6482B']
392,Mukti Khaitan,['08-08-2000'],['Female'],['POLFY5894X']
393,Nandan Dave,['03-10-1992'],['Male'],['KQNJG8644E']
395,Mohit Shastri,['24-08-1961'],['Male'],['WSZFC4585W']
397,Mimansa Biswas,['17-05-1973'],['Female'],['WBNBQ4369R']
398,Monu Fadnavis,['19-05-1971'],['Male'],['FTAFF1410H']
399,Mehul Mukherjee,['09-05-1974'],['Male'],['MGJLX5587F']
400,Mohan Gaitonde,['06-08-1987'],['Male'],['MRZFU0871K']
401,Nagesh Nishad,['29-06-1977'],['Male'],['XBOPD3074G']
403,Mukti Kher,['20-07-1983'],['Female'],['PIOBC5609W']
404,Mihika Nair,['09-09-1980'],['Female'],['GQZLA0163T']
405,Murali Jha,['05-04-1993'],['Male'],['ZCZCT0125P']
406,Namrata Awasthi,['17-02-1976'],['Female'],['DINLF7720Q']
407,Nandu Keshari,['08-03-1987'],['Male'],['QFQJV3737R']
408,Niladri Mohanty,['01-07-1985'],['Male'],['OZMFI9664Q']
409,Nandu Marandi,['19-08-1998'],['Male'],['VANGI7545E']
410,Narendra Umrao,['19-02-1995'],['Male'],['TTJFY3802K']
411,Neetoo Sinha,['14-12-1976'],['Female'],['UGWBQ1311F']
412,Naveen Gupta,['21-01-1986'],['Male'],['ZGKLA5287H']
414,Nidhi Chaturvedi,['19-05-1965'],['Female'],['ATYBO8532A']
415,Navneet Pathak,['31-12-1990'],['Male'],['FZXBJ3509M']
416,Narmada Valmiki,['29-07-1999'],['Female'],['EQSCT0670Q']
417,Niharika Bhattacharya,['30-07-1973'],['Female'],['GWAGI8958K']
418,Nikhil Meena,['01-11-1992'],['Male'],['NBKGE0582E']
419,Navneet Dasgupta,['14-05-1948'],['Male'],['VHSGA4496B']
420,Niharika Anand,['12-11-1998'],['Female'],['VOHKS5571P']
421,Neelima Shrivastava,['12-01-1954'],['Female'],['ZLUTR1856R']
422,Nikhil Jaiswal,['26-09-1963'],['Male'],['WPHLJ3230Y']
423,Nihal Dutta,['09-11-1984'],['Male'],['WYHBQ2598T']
425,Nidhi Goswami,['28-07-1958'],['Female'],['ZCCAZ9058T']
426,Narendra Gujjar,['07-07-1960'],['Male'],['MCGCZ8091Q']
427,Niladri Sardana,['18-05-1983'],['Male'],['XQBTY7122U']
428,Niladri Mukhopadhyay,['07-05-1996'],['Male'],['KJQJV7685E']
429,Navneet Fadnavis,['29-01-1996'],['Male'],['DITTL4638Z']
431,Narad Giri,['03-06-1972'],['Male'],['RQNCY6637U']
433,Narad Mazumdar,['11-10-1948'],['Male'],['HANFJ8889Z']
434,Nimish Kannaujiya,['30-07-1960'],['Male'],['UYQPC3370M']
435,Nivedita Haldar,['12-09-1956'],['Female'],['TVCDG6906W']
436,Palki Jhunjhunwala,['14-07-1989'],['Female'],['MYFHQ8263V']
437,Pallav Mangeshkar,['23-11-1955'],['Male'],['QJGCN8376S']
438,Nupur Deo,['18-11-1957'],['Female'],['QTTFB5770Z']
439,Nimisha Marandi,['31-08-1962'],['Female'],['RELGM8307X']
441,Pallavi Bhadauria,['30-08-1956'],['Female'],['FTLFY7059A']
443,Nitesh Didwania,['03-02-1996'],['Male'],['EJTGX6465K']
445,Nimish Shaw,['31-12-1978'],['Male'],['DWCHO0856B']
446,Nityanand Bhatia,['11-04-1957'],['Male'],['STJBH6935V']
448,Nimisha Khurrana,['25-08-1960'],['Female'],['EGRGY2315B']
449,Nishu Sen,['27-06-1971'],['Female'],['NJEPT4763M']
451,Nishi Kamat,['11-04-1953'],['Female'],['CVGFX1683X']
452,Nitesh Bajaj,['18-04-1966'],['Male'],['OSHGB2787Y']
455,Nishant Jain,['18-09-1967'],['Male'],['TGUAE1059H']
456,Nishtha Kothari,['12-05-1952'],['Female'],['HCTPP3082T']
458,Om Rajpoot,['03-09-1947'],['Male'],['CEHHH7251C']
459,Om Dutt wZ Oe,['10-06-1988'],['Male'],['EBOFR3681M']
460,Nitika Atlani,['17-08-1993'],['Female'],['UJBPW4207F']
462,Nishtha Goenka,['16-03-1993'],['Female'],['BMDBX7527Y']
463,Nitish Pal,['04-04-1977'],['Male'],['XQWCV6640R']
464,Palak Modi,['10-03-1968'],['Female'],['UXRFV0121L']
465,Piyush Rathi,['04-05-1985'],['Male'],['RABBV9445R']
466,Prafull Sethi,['04-07-1954'],['Male'],['ZAHJJ5947N']
467,Piyush Patel,['10-03-1976'],['Male'],['QQFAX1977U']
469,Poonam Mehta,['04-11-1969'],['Female'],['GCQGF1548U']
470,Poonam Bind,['14-09-1971'],['Female'],['DUCFS7793K']
471,Prashant Nishad,['03-05-1978'],['Male'],['GLRHV4000Q']
472,Parvati Marandi,['24-06-1992'],['Female'],['WSDJV7237W']
475,Prakash Sagar,['04-05-1972'],['Male'],['HVKAM7161C']
476,Parul Seth,['16-03-2001'],['Female'],['XGKCO8664W']
478,Prakash Modanwal,['17-07-1991'],['Male'],['GEJLU1413P']
479,Pavan Piramal,['29-08-1995'],['Male'],['NVXGO3738F']
480,Prajjwal Rawal,['01-03-1985'],['Male'],['JSUFG8494T']
481,Pranay Kushwaha,['04-09-1977'],['Male'],['VLYBE4157N']
482,Prashansa Giri,['16-07-1981'],['Female'],['JWDHS2492Z']
483,Pratap Chouhan,['12-07-1963'],['Male'],['AXLJJ3288Y']
484,Parmanand Yadav,['25-04-1988'],['Male'],['UJGHQ6517S']
485,Prasoon Mumukshu,['03-02-1954'],['Male'],['STKFM9546X']
486,Parmanand Jethwani,['02-03-1959'],['Male'],['RLFGW4862H']
487,Pinaka Dholakia,['05-10-2001'],['Female'],['AFRFK4951W']
489,Pradyuman Goswami,['06-02-1952'],['Male'],['KMBLO0071X']
490,Poornima Mahto,['23-07-1953'],['Female'],['WIPHF9307C']
491,Pankaj Chaubey,['24-10-1996'],['Male'],['RREJL5511U']
493,Prabhakar Advani,['23-05-1983'],['Male'],['ICOPU3841A']
494,Pranjal Damani,['29-09-1963'],['Male'],['YMPFW7258Y']
495,Purvi Naik,['23-03-1962'],['Female'],['JZJAG3906B']
496,Pritish Nahar,['09-03-1969'],['Male'],['GKPAO0908W']
497,Praveen Dutta,['02-11-1964'],['Male'],['JCLCN7076P']
499,Prem Trivedi,['04-07-1962'],['Male'],['QTALO8193N']
500,Praveen Tandon,['12-05-1991'],['Male'],['ONBLG7429N']
501,Priti Mishra,['17-09-1949'],['Female'],['EDHGF7318Z']
502,Pritika Gandhi,['25-02-1964'],['Female'],['SRHHZ4696A']
503,Prerna Dhoni,['15-08-1978'],['Female'],['TAZHN5401F']
504,Priti Yaduvanshi,['23-08-1966'],['Female'],['MFXCG4132A']
505,Pritish Bachchan,['22-12-1986'],['Male'],['FHSTW1260T']
507,Priti Ghoshal,['06-12-1962'],['Female'],['LDZGY1019K']
508,Puneet Bachchan,['22-05-1969'],['Male'],['XPAFN6201M']
509,Prateeksha Khandelwal,['05-08-1998'],['Female'],['UROFK9161Y']
510,Pratima Sengupta,['12-04-1984'],['Female'],['JIGTN2207W']
511,Praveen Barjatya,['02-03-2000'],['Male'],['ERIPC1171E']
512,Preeti Dholakia,['01-09-1972'],['Female'],['BZLGM0026X']
513,Premlata Malode,['05-08-1993'],['Female'],['SSXBR1376T']
515,Prateeksha Mathur,['17-11-1997'],['Female'],['MLOCX7019G']
516,Premnarayan Tandon,['21-02-1975'],['Male'],['YEJAG9353Q']
517,Preyash Bahl,['22-09-1950'],['Male'],['VUDHH4355F']
518,Premprakash Purohit,['10-03-1988'],['Male'],['DIVFZ6113K']
519,Prateeksha Tomar,['03-08-1975'],['Female'],['PGXCH2424V']
520,Preksha Kaul,['07-03-1970'],['Female'],['PVAPB3617M']
521,Pratima Vishwakarma,['25-09-1984'],['Female'],['OCCAV1421C']
523,Praveen Khatri,['21-03-1948'],['Male'],['LQQLI8065C']
524,Rakhi Paswan,['20-07-1990'],['Female'],['FKSHS0362J']
527,Rajan Bharati,['25-03-1983'],['Male'],['YFWGT6178S']
528,Ranbir Bendre,['23-02-1994'],['Male'],['BDSGY5849M']
529,Rachit Saxena,['13-07-1968'],['Male'],['SOQTQ3435R']
530,Ramdhari Chopra,['08-02-1990'],['Male'],['NWIFJ1176T']
531,Rambha Shekhawat,['27-02-1954'],['Female'],['GXPBT6875Q']
532,Rajeev Soman,['19-07-1978'],['Male'],['DKOBR8634Y']
533,Raghu Bhadauria,['21-06-1956'],['Male'],['XIUFP1717C']
534,Ranbir Kejriwal,['20-04-1962'],['Male'],['CLLTQ4980E']
535,Ramnik Patel,['15-12-1975'],['Male'],['UWLLT4061A']
536,Rambha Pandit,['16-01-1960'],['Female'],['SQDPR9083X']
537,Rajeev Srivastava,['30-11-1978'],['Male'],['QMUFS9832C']
538,Ramnik Sengupta,['30-03-1967'],['Male'],['CFUTL2818U']
540,Ramayan Saxena,['12-01-1956'],['Male'],['OBXAL2624T']
541,Rajan Naik,['26-05-1975'],['Male'],['SRVLL6575S']
542,Rajnish Atlani,['24-04-1998'],['Male'],['BQLPQ3990W']
543,Raghu Dwivedi,['03-06-2001'],['Male'],['WHDLJ5834E']
544,Rajesh Kannaujiya,['12-01-1973'],['Male'],['WZGFG2505B']
545,Ramdhari Ray,['22-10-1970'],['Male'],['MNCJH3263S']
546,Ramnarayan Nair,['25-03-1966'],['Male'],['IARAF8353B']
547,Rajesh Rajpurohit,['20-09-1973'],['Male'],['SMJJD5630Q']
549,Raghu Sarkar,['30-12-1978'],['Male'],['IAWAD1755S']
550,Ranbir Verma,['07-02-1974'],['Male'],['DRFHF0441N']
551,Rakesh Chaudhari,['15-05-1950'],['Male'],['SFPBI4878M']
552,Ramdhari Dhoni,['04-07-1978'],['Male'],['IKWHS7185Z']
553,Ruchi Vats,['05-02-1984'],['Female'],['HRLTI1766E']
554,Rashmi Prakash,['07-04-1999'],['Female'],['GQBTU4951Q']
555,Rishu Shah,['08-08-1977'],['Male'],['PMWJB5161H']
556,Ritesh Holkar,['07-07-1962'],['Male'],['GFICT1211T']
557,Rangnath Rode,['24-01-1953'],['Male'],['SABJQ6895V']
558,Rishikesh Mittal,['21-03-1988'],['Male'],['JGNGX0852L']
560,Rimsha Nishad,['13-12-1954'],['Female'],['IDITZ5892T']
561,Reshama Rao,['21-01-1968'],['Female'],['CSFTK7838A']
562,Rukmini Malik,['11-03-1969'],['Female'],['RLMPM7114H']
563,Rudranath Chaubey,['08-07-1964'],['Male'],['RFCFP2094W']
564,Ratan Dubey,['15-04-1984'],['Male'],['DMYAA7712H']
565,Rinkesh Gujjar,['14-02-1978'],['Male'],['ATKTM1911Z']
566,Rishu Dadhich,['28-05-1949'],['Male'],['LBYGB9082K']
567,Rudranath Kumar,['07-05-1964'],['Male'],['ZDILW0343C']
568,Ruchir Gandhi,['31-10-1997'],['Male'],['AHMFE5830H']
569,Ruchi Adarsh,['13-01-1955'],['Female'],['OZSHW7737B']
570,Reeta Chawla,['15-08-1971'],['Female'],['WKOFW7249K']
571,Rupesh Khanna,['02-03-1982'],['Male'],['IZIAF1495X']
574,Rishikesh Pednekar,['22-05-1951'],['Male'],['PKSPX2121E']
575,Ravishankar Chawla,['01-05-1979'],['Male'],['TRUCK4746D']
578,Rangnath Mondal,['08-11-1958'],['Male'],['ZEIHM6352F']
581,Saloni Lakhotia,['22-12-1987'],['Female'],['EHTFN8449G']
583,Sankalp Lokhande,['24-08-1950'],['Male'],['NMGJO9815L']
584,Sameeksha Mukhopadhyay,['31-08-1948'],['Female'],['VYOFE9377N']
585,Sahdev Surana,['17-01-1993'],['Male'],['FBSGM0739Q']
586,Samanata Bindra,['10-07-1962'],['Female'],['KWPGK4707R']
587,Sameet Shrivastava,['03-12-1999'],['Male'],['TSWGZ3170U']
588,Sachin Jaitley,['26-08-1951'],['Male'],['DRTFB7756K']
590,Sarika Kamble,['07-04-1990'],['Female'],['ENPGB6073V']
591,Samar Kohli,['18-06-1977'],['Male'],['VEPHK1681X']
592,Sanskriti Gaitonde,['16-09-2000'],['Female'],['XEEBD3230N']
593,Sangeet Mittal,['16-02-1965'],['Male'],['QSNFG5259Q']
596,Sagar Awasthi,['23-09-1983'],['Male'],['LOHTH3378X']
599,Sahdev Guru,['01-03-1973'],['Male'],['KFWHJ2956W']
600,Sandeep Shrivastava,['27-02-1948'],['Male'],['CPBTL9194T']
602,Sarika Lohia,['30-03-1970'],['Female'],['AZQLG2549R']
603,Sachin Prasad,['24-02-1965'],['Male'],['VISGD9140Y']
604,Sampada Umar,['01-02-2000'],['Female'],['NIZHC8294P']
606,Santoshi Maali,['12-09-1950'],['Female'],['UMFPO3431Y']
607,Savitri Shrivastava,['24-08-1956'],['Female'],['JFAHC2782R']
608,Shaguun Priyadarshini,['04-04-1957'],['Female'],['XWKBU5206S']
613,Seema Deo,['02-01-1997'],['Female'],['WQCFK5848Y']
614,Satyaprakash Bala,['01-08-1994'],['Male'],['VZEJA4128C']
615,Savita Shirke,['24-08-1973'],['Female'],['AQBGZ2491H']
616,Savitri Sinha,['12-12-1977'],['Female'],['VJNCI8430K']
617,Shakuntala Dwivedi,['10-08-1974'],['Female'],['FOOLB4392L']
618,Satish Raina,['19-03-1971'],['Male'],['JBMFB4092H']
620,Sarthak Baranwal,['05-10-1960'],['Male'],['WLQFI7038P']
622,Shalabh Dadlani,['24-02-1957'],['Male'],['TNJQO0649S']
623,Seeta Bhawsar,['15-11-1961'],['Female'],['VVAFU9639R']
624,Shaloo Maken,['10-08-1998'],['Female'],['ZHGAT9137D']
626,Satyam Dutt,['10-04-1994'],['Male'],['TKDFF4313K']
627,Shalini Parmar,['24-09-1965'],['Female'],['YAACZ9157M']
628,Shailendra Bisht,['18-01-1949'],['Male'],['QCRCP8098D']
629,Satyam Surana,['20-08-1948'],['Male'],['LDXLY3218D']
630,Seeta Pathak,['29-04-1981'],['Female'],['GAUAI4328N']
631,Shalabh Baghel,['27-03-1950'],['Male'],['PXZHV4166D']
632,Shalabh Ahir,['17-09-1971'],['Male'],['IFXCY5212W']
634,Shailesh Ghosh,['17-02-1998'],['Male'],['RSFJI1636U']
635,Shashinath Nagar,['03-01-1969'],['Male'],['IKTBM8189A']
636,Shivendra Ram,['10-07-1955'],['Male'],['RSAHF3148G']
638,Sheshnath Bhatia,['30-01-1953'],['Male'],['QUPFY1746K']
640,Sheetala Dadlani,['21-02-1983'],['Female'],['OGBJY8020X']
641,Sharad Wahal,['21-05-1962'],['Male'],['YCFGR3656E']
642,Shivam Surana,['24-02-1980'],['Male'],['RJMBK5780S']
644,Sharad Maheshwari,['04-04-1953'],['Male'],['KMVTK1886H']
646,Sharda Ghosh,['19-02-1996'],['Female'],['MAAGR5703V']
648,Shishir Sood,['20-10-1991'],['Male'],['KFCLW8209G']
650,Shashwat Hajariya,['06-10-1981'],['Male'],['OQFLS1069B']
651,Shayantani Bhadauria,['01-04-1992'],['Female'],['SHBPL7431P']
652,Sharad Gehlot,['09-04-1984'],['Male'],['XSGFX8601Q']
656,Shayantani Bharati,['08-04-1965'],['Female'],['RWVGG7773T']
657,Shikha Malhotra,['13-09-1948'],['Female'],['EDPLF6132X']
658,Shivesh Dhoundial,['16-04-1993'],['Male'],['FJXFC4474S']
659,Shayantani Pushkar,['12-10-1989'],['Female'],['WXUTZ6638B']
660,Shantanu Parekh,['07-08-1968'],['Male'],['GJVJI6783U']
661,Shantanu Tendulkar,['31-08-1975'],['Male'],['OEMJE0987E']
662,Sohan Malik,['02-04-1967'],['Male'],['TGDGZ2038T']
663,Somdatt Rajpoot,['04-07-1988'],['Male'],['SSHFH7836L']
664,Somesh Dhumal,['07-12-1987'],['Male'],['JFYTV3906X']
665,Shivshankar Bhargav,['23-12-1968'],['Male'],['CUBLQ2724M']
666,Smita Ram,['04-07-1974'],['Female'],['PVHAK7040H']
667,Shubhangi Bhaskar,['26-03-1954'],['Female'],['MNDHC5892F']
668,Shubhendu Dhoundial,['16-07-1979'],['Male'],['GRMLK6581A']
669,Sneha Kadam,['02-04-1958'],['Female'],['JHTFD4506C']
670,Shivpoojan Malhotra,['26-09-1967'],['Male'],['YQFLC7858P']
671,Shubham Shaw,['24-05-1978'],['Male'],['UHAHZ2587S']
672,Shravan Chopra,['18-08-1996'],['Male'],['FXBJN0247N']
673,Shubh Gunji,['11-01-2000'],['Male'],['QOKBR6041D']
674,Soham Mukhopadhyay,['23-04-1998'],['Male'],['UKAGD2714S']
675,Shivpoojan Kamble,['21-04-1987'],['Male'],['IDKAU8404X']
676,Smita Basu,['28-04-1997'],['Female'],['XXUPO0159S']
677,Shwetank Gond,['17-07-2001'],['Male'],['UTUHL1470G']
678,Shreejesh Bose,['17-09-1995'],['Male'],['DOZJY0863S']
679,Shreyash Gaonkar,['23-05-1984'],['Male'],['AVBCO9615A']
680,Shivpoojan Ray,['29-09-1952'],['Male'],['JWVJG5965A']
681,Shivesh Narayan,['27-01-1972'],['Male'],['AFPLH2619Y']
682,Shubhendu Kayasth,['15-07-1972'],['Male'],['SJRGW6993R']
683,Shreyash Mandal,['21-10-1963'],['Male'],['GAGAH3245V']
684,Shreyansh Kakkar,['19-08-1975'],['Male'],['LLSTA3299F']
685,Shubh Dubey,['07-02-1999'],['Male'],['HBHFR8679R']
686,Shrinath Didwania,['14-03-1994'],['Male'],['NOBCG7622V']
687,Shravan Nayak,['23-09-1974'],['Male'],['RCVBG4155T']
688,Shridevi Rao,['13-01-1990'],['Female'],['CAHHR6397B']
689,Shyamali Chakraborty,['16-10-1948'],['Female'],['OVNBF0437M']
690,Shwetank Mohapatra,['30-12-1958'],['Male'],['FNCBC0619M']
691,Sonia Scindia,['07-05-1984'],['Female'],['PCJBD7107G']
692,Sudeeksha Pradhan,['17-05-1998'],['Female'],['UOFRS5716N']
693,Sumukhi Malik,['18-05-1964'],['Female'],['CBEGZ6088H']
695,Sumitra Das,['13-05-1955'],['Female'],['OWTBC5041Q']
696,Subhadra Bala,['31-10-1951'],['Female'],['QSECE4051R']
697,Sunanda Shirke,['21-09-1969'],['Female'],['ZVXAO2246V']
698,Soni Patnaik,['17-02-1966'],['Female'],['CGWCP6015P']
700,Suhasini Kakkar,['14-07-1984'],['Female'],['PZJHD2589K']
701,Sukritika Kaul,['25-11-1987'],['Female'],['PQJFF2326Q']
702,Suneeti Shrivastava,['25-01-1974'],['Female'],['PKBCR9138M']
703,Sudheendra Soman,['05-10-1987'],['Male'],['UPGFN0051Q']
706,Suman Patwari,['13-03-1972'],['Female'],['WKZHQ7279G']
710,Sudhakar Kaushik,['25-12-1965'],['Male'],['VKQBA8621F']
711,Sonakshi Lakhotia,['20-01-1985'],['Female'],['WVZAN2591S']
712,Sukritika Gokhale,['09-06-1957'],['Female'],['DFVFW9034B']
714,Sudhakar Arora,['28-10-1964'],['Male'],['ZOGHG5903P']
715,Soni Umar,['18-08-1967'],['Female'],['SLGFS3427Z']
716,Sudheer Ghoshal,['15-05-1987'],['Male'],['YXIFW0410F']
717,Sudhir Rajpoot,['13-03-1976'],['Male'],['ZKZBD1976S']
718,Sudesh Sharma,['20-10-1958'],['Male'],['FQEAS1223H']
719,Tanushree Gaonkar,['02-02-1949'],['Female'],['TOFGU1407T']
720,Surekha Bhawsar,['29-05-1975'],['Female'],['CGLHD2910L']
721,Swati Dixit,['03-02-1975'],['Female'],['XKHBC7136S']
725,Suryakant Sisodia,['12-12-1970'],['Male'],['LPJHX3852V']
727,Sushant Tripathi,['26-10-1951'],['Male'],['YEGGX3951H']
728,Suryaprakash Tandon,['28-06-1961'],['Male'],['BXSCP2038Z']
729,Tarun Sood,['16-09-1995'],['Male'],['SDAFJ0216G']
730,Tarika Hatwal,['07-12-1977'],['Female'],['ZNAPP6899X']
731,Sushant Sahu,['24-07-1950'],['Male'],['KZCBM2471R']
732,Tanu Misra,['07-11-1980'],['Female'],['TKBBC8722Z']
733,Sushil Shirke,['05-04-1987'],['Male'],['OLACF7728R']
734,Taruna Mishra,['05-04-1949'],['Female'],['VWWCW2757E']
735,Swara Hazari,['24-11-1955'],['Female'],['OHHPT7220X']
738,Sushmita Yadav,['30-09-1981'],['Female'],['DBEPC5739P']
739,Suraj Priyadarshini,['25-09-1990'],['Male'],['UINPE0499D']
740,Sushma Kamat,['27-11-1981'],['Female'],['YBLBP8591F']
741,Sushil Nishad,['01-05-1989'],['Male'],['KUDBD2558W']
742,Swara Bhargav,['05-07-1979'],['Female'],['JKRAX6546D']
743,Sushant Sardana,['15-02-1971'],['Male'],['CMGGH4902K']
744,Suryakant Bakshi,['12-10-1989'],['Male'],['NHSTQ9857K']
745,Tanisha Kakkar,['20-08-1987'],['Female'],['KLOBP7797X']
746,Sushant Bhandari,['15-07-1986'],['Male'],['EJUJE7871C']
747,Tanishka Rout,['13-04-1989'],['Female'],['CNAFK1021F']
749,Sushmita Pednekar,['19-06-1979'],['Female'],['JFVBX7730P']
750,Tanushree Ambani,['27-07-1976'],['Female'],['ETFFR3162X']
751,Sushil Reddy,['25-07-1970'],['Male'],['ZAQAG6756B']
752,Urshita Khanna,['30-08-1985'],['Female'],['BKUFW7692K']
753,Tulsi Piramal,['17-12-1992'],['Female'],['CPTHU2509N']
754,Urshita Sinha,['24-03-1951'],['Female'],['OTPFW1682F']
755,Trisha Atlani,['10-10-1965'],['Female'],['SMCCI9172Y']
756,Vaagishwari Pandey,['01-10-1968'],['Female'],['ZMWCP1171Z']
757,Vartika Biswas,['17-10-1956'],['Female'],['HIKFB9615M']
758,Vaani Dalal,['05-09-1953'],['Female'],['ZKVPR9277G']
760,Vaishali Bachchan,['15-08-1967'],['Female'],['RQNAU2286P']
762,Uday Bahuguna,['17-11-1985'],['Male'],['AGYFX8318C']
764,Varuna Kaushik,['14-02-1953'],['Female'],['BDUFI3136F']
765,Usha Mumukshu,['27-09-1996'],['Female'],['XIEFF9422H']
766,Varun Gambhir,['22-06-1986'],['Male'],['SDTJR7280Z']
767,Utkarsh Raina,['29-05-1950'],['Male'],['LJKJP1426G']
768,Uddhav Bhandari,['30-06-1950'],['Male'],['BXOTB9065C']
769,Uday Ojha,['10-11-1978'],['Male'],['GDIBP5279W']
771,Tejprakash Bhargav,['09-05-1982'],['Male'],['IZWJN4790G']
772,Uma Chandrachud,['09-07-1952'],['Female'],['KKMHC1526H']
773,Vaidehi Giri,['18-04-1979'],['Female'],['JATLA4008C']
774,Triveni Bindra,['15-01-1984'],['Female'],['EBUBA5431W']
775,Udayraj Bharadwaj,['13-02-1957'],['Male'],['XXPLZ5093F']
776,Vanshika Nair,['13-01-1972'],['Female'],['UBFFO2007B']
777,Umakant Agnihotri,['27-09-1975'],['Male'],['ZCBAO8558M']
778,Varun Tanwar,['27-12-1977'],['Male'],['HOZBO3145A']
782,Uttam Haldar,['09-11-1980'],['Male'],['KVBCX0303W']
783,Vivek Bhat,['06-05-1953'],['Male'],['GFQJR7008X']
784,Vishwas Vyas,['07-07-1979'],['Male'],['KTMGS9681M']
785,Viral Mishra,['12-10-1975'],['Male'],['QBCLO0289G']
787,Vedprakash Dadhich,['01-02-1956'],['Male'],['RQJHT1302C']
788,Vedant Supriyo,['24-05-1979'],['Male'],['QEGBM5248V']
789,Viral Garg,['08-07-1960'],['Male'],['PWZBS9387T']
791,Vrinda Lakhotia,['25-05-1975'],['Female'],['GZLAW2449W']
792,Vishal Valmiki,['07-10-1964'],['Male'],['TJYPZ0391X']
793,Vedang Sahay,['18-02-1954'],['Male'],['LTLTP0137L']
794,Vrinda Patel,['16-09-1954'],['Female'],['RYFBW8969G']
795,Vasundhara Raina,['09-03-1997'],['Female'],['SGGHL3330G']
796,Vishnu Raj,['19-06-1966'],['Male'],['GYCAM2688Y']
797,Vidur Rai wZ Oe,['09-04-1963'],['Male'],['PJITY4184C']
798,Vivasvan Deo,['22-03-1957'],['Male'],['CWLJT7102M']
799,Yashaswi Deol,['31-07-1982'],['Male'],['EGDAY9131M']
800,Vimal Bala,['21-08-1989'],['Male'],['QKUHI4549K']
801,Vikrant Bhatt,['31-05-1965'],['Male'],['VDFHR1127T']
802,Vipin Pal wZ Oe,['17-07-1975'],['Male'],['CELJN5321Z']
803,Vidisha Dixit,['04-01-1962'],['Female'],['FKTHO1302A']
804,Vivasvan Ranaut,['11-02-1982'],['Male'],['GHYGR5309S']
805,Vilasrao Mumukshu,['30-06-1980'],['Male'],['RIELK5103X']
806,Vasundhara Ghosh,['20-11-1955'],['Female'],['DMPHZ9347E']
807,Veena Rana,['17-07-1973'],['Female'],['FGVFS6429L']
808,Vibha Bharati,['23-01-1974'],['Female'],['XYRAC5086B']
809,Vedant Khandelwal,['24-09-1969'],['Male'],['LNDLR7568Y']
810,Yashvi Piramal,['16-11-1988'],['Female'],['KNFAK4867H']
811,Yashoda Khatri,['07-02-1974'],['Female'],['DOYPL4167T']
813,Yogesh Rajawat,['12-05-1976'],['Male'],['ZQZFP6188U']
814,Yashodhara Agrawal,['24-05-1978'],['Female'],['ESMAC5261H']
,,,,
,,,,
,,,,
